Country Name;Country Code;Indicator Name;Indicator Code;1960;1961;1962;1963;1964;1965;1966;1967;1968;1969;1970;1971;1972;1973;1974;1975;1976;1977;1978;1979;1980;1981;1982;1983;1984;1985;1986;1987;1988;1989;1990;1991;1992;1993;1994;1995;1996;1997;1998;1999;2000;2001;2002;2003;2004;2005;2006;2007;2008;2009;2010;2011;2012;2013;2014;2015;2016;2017;2018;2019;2020
Aruba;ABW;Unemployment, total (% of total labor force) (national estimate);SL.UEM.TOTL.NE.ZS;;;;;;;;;;;;;;;;;;;;;;;;;;;;;;;;6,08;;;6,45;;;7,45;;;6,92;6,9;;;;;;5,71;;;10,6;8,9;;;;;;;;;
Africa Eastern and Southern;AFE;Unemployment, total (% of total labor force) (national estimate);SL.UEM.TOTL.NE.ZS;;;;;;;;;;;;;;;;;;;;;;;;;;;;;;;;;;;;;;;;;;;;;;;;;;;;;;;;;;;;;
Afghanistan;AFG;Unemployment, total (% of total labor force) (national estimate);SL.UEM.TOTL.NE.ZS;;;;;;;;;;;;;;;;;;;;;;;;;;;;;;;;;;;;;;;;;;;;;;;;;2,49;;;;1,69;;7,91;;;11,18;;;11,71
Africa Western and Central;AFW;Unemployment, total (% of total labor force) (national estimate);SL.UEM.TOTL.NE.ZS;;;;;;;;;;;;;;;;;;;;;;;;;;;;;;;;;;;;;;;;;;;;;;;;;;;;;;;4,343154905;;;7,097686188;;;
Angola;AGO;Unemployment, total (% of total labor force) (national estimate);SL.UEM.TOTL.NE.ZS;;;;;;;;;;;;;;;;;;;;;;;;;14,2;14,9;18,9;;;;;;;;;;;;;;;;;;23,64;;;;;3,78;9,43;7,36;;;9,58;;;;;;
Albania;ALB;Unemployment, total (% of total labor force) (national estimate);SL.UEM.TOTL.NE.ZS;;;;;;;;;;;;;;;;;;;;;5,6;5,1;3,6;4,4;5,7;6,7;6,4;6,1;7;7,3;9,5;9,1;26,5;22,3;18,4;12,9;12,3;14,9;17,7;18,4;16,8;16,4;15,8;15;14,4;14,1;13,8;15,97;13,06;13,67;14,09;13,48;13,38;15,87;18,05;17,19;15,42;13,62;12,3;11,47;11,68999958
Andorra;AND;Unemployment, total (% of total labor force) (national estimate);SL.UEM.TOTL.NE.ZS;;;;;;;;;;;;;;;;;;;;;;;;;;;;;;;;;;;;;;;;;;;;;;;;;;;;;;;;;;;;;
Arab World;ARB;Unemployment, total (% of total labor force) (national estimate);SL.UEM.TOTL.NE.ZS;;;;;;;;;;;;;;;;;;;;;;;;;;;;;;;;;;;;;;;;;;;;;;;10,31185661;9,66471553;9,928998731;9,51309471;9,228201512;11,16619224;10,57115216;;10,50713812;;9,56101978;;;;
United Arab Emirates;ARE;Unemployment, total (% of total labor force) (national estimate);SL.UEM.TOTL.NE.ZS;;;;;;;;;;;;;;;;1,96;;;;;;;;;;1,15;;;;;;;;;;1,8;;;;;2,25;;;;;3,12;;;;;;;;;;;1,64;2,46;;2,23;
Argentina;ARG;Unemployment, total (% of total labor force) (national estimate);SL.UEM.TOTL.NE.ZS;;;;;;;;;;;4,8;6;6,6;5,6;3,4;2,3;4,5;2,8;2,8;2;2,3;4,5;4,73;4,17;3,54;5,3;4,4;5,3;6;7,3;7,06;5,44;6,36;10,1;11,76;18,8;17,11;14,82;12,65;14,05;15;17,32;19,59;15,36;13,52;11,51;10,08;8,47;7,84;8,65;7,71;7,18;7,22;7,1;7,27;;;8,35;9,22;9,84;11,46000004
Armenia;ARM;Unemployment, total (% of total labor force) (national estimate);SL.UEM.TOTL.NE.ZS;;;;;;;;;;;;;;;;;;;;;;;;;;;;;;;;;1,8;5,3;6,6;6,7;9,3;10,8;9,4;11,2;;;;;;;;9,81;22,97;18,44;19,01;18,44;17,3;16,18;17,5;18,26;17,62;17,7;18,97;18,3;
American Samoa;ASM;Unemployment, total (% of total labor force) (national estimate);SL.UEM.TOTL.NE.ZS;;;;;;;;;;;;;;;12,99;17,24;19,08;14,87;13,79;14,35;12,41;12,61;12,78;12,96;13,11;13,29;13,38;;;;5,11;;;;;;;;;;5,05;;;;;9,98;;;;;9,2;;;;;;;;;;
Antigua and Barbuda;ATG;Unemployment, total (% of total labor force) (national estimate);SL.UEM.TOTL.NE.ZS;;;;;;;;;;;;;;20,46;19,46;19,45;20,69;;;;;;;;;;;;;;;6;;;;;;;;;;8,42;;;;;;;;;;;;;;;;;;;
Australia;AUS;Unemployment, total (% of total labor force) (national estimate);SL.UEM.TOTL.NE.ZS;;;;;;;;;;;;;;;;;;;;6,26;6,11;5,78;7,16;9,96;8,99;8,26;8,08;8,11;7,23;6,18;6,93;9,58;10,73;10,87;9,72;8,47;8,51;8,36;7,68;6,87;6,28;6,74;6,37;5,93;5,39;5,03;4,78;4,38;4,23;5,56;5,21;5,08;5,22;5,66;6,08;6,05;5,71;5,59;5,3;5,16;6,46
Austria;AUT;Unemployment, total (% of total labor force) (national estimate);SL.UEM.TOTL.NE.ZS;;;;;;;;;;2,8;2,4;1,5;1,3;1,2;1,3;2;2;1,8;2,1;2;1,9;2,06;3,35;4,11;3,8;3,6;3,12;3,79;3,55;3,14;3,25;3,42;3,59;4,25;3,54;4,35;5,28;5,15;5,52;4,7;4,69;4,01;4,85;4,78;5,83;5,63;5,24;4,86;4,13;5,3;4,82;4,56;4,87;5,33;5,62;5,72;6,01;5,5;4,85;4,49;5,36
Azerbaijan;AZE;Unemployment, total (% of total labor force) (national estimate);SL.UEM.TOTL.NE.ZS;;;;;;;;;;;;;;;;;;;;;;;;;;;;;;;;0,11;0,17;0,52;0,65;0,8;0,9;1,03;1,13;16,25;11,78;10,91;10,04;9,17;7,99;7,26;6,62;6,33;5,86;5,74;5,63;5,42;5,19;4,97;4,91;4,96;5;5;4,9;4,85;
Burundi;BDI;Unemployment, total (% of total labor force) (national estimate);SL.UEM.TOTL.NE.ZS;;;;;;;;;;;;;;;;;;;;;;;;;;;;;;;0,48;;;;;;;;;14;;;;;;;;;1,63;;;;;;1,57;;;;;;
Belgium;BEL;Unemployment, total (% of total labor force) (national estimate);SL.UEM.TOTL.NE.ZS;;;;;;;;;;;;2,1;2,7;2,8;3;5,1;6,5;5,67;7,9;6,96;9,1;11,35;13;11,66;11,88;11,32;11,28;11,26;10,13;8,28;7,25;6,99;6,7;8,08;9,65;9,34;9,48;8,96;9,32;8,65;6,59;6,18;6,91;7,68;7,36;8,44;8,25;7,46;6,98;7,91;8,29;7,14;7,54;8,43;8,52;8,48;7,83;7,09;5,95;5,36;5,55
Benin;BEN;Unemployment, total (% of total labor force) (national estimate);SL.UEM.TOTL.NE.ZS;;;;;;;;;;;;;;;;;;;;;;;;;;;0,18;;;;;;1,51;;;;;;;;;;0,69;;;;;;;;1,04;2,65;;;;;;;1,470000029;;
Burkina Faso;BFA;Unemployment, total (% of total labor force) (national estimate);SL.UEM.TOTL.NE.ZS;;;;;;;;;;;;;;;;;;;;;;;;;;1,3;;;;;;;;;2,58;;;;2,44;;;;;2,78;;4;;3,3;;;;;;;6,48;;;;4,69;;
Bangladesh;BGD;Unemployment, total (% of total labor force) (national estimate);SL.UEM.TOTL.NE.ZS;;;;;;;;;;;;;;;;;;;;;;;;;2,04;2,02;0,96;;;0,92;;2,2;;;;;2,51;;;;3,27;;;4,32;;4,25;3,59;;;5;3,38;;;4,43;;;4,35;4,37;;;
Bulgaria;BGR;Unemployment, total (% of total labor force) (national estimate);SL.UEM.TOTL.NE.ZS;;;;;;;;;;;;;;;;;;;;;;;;;;;;;;;1,7;11,1;15,3;16,4;12,8;11,1;12,5;13,7;12,2;14,1;16,22;19,92;18,11;13,73;12,04;10,08;8,95;6,88;5,61;6,82;10,28;11,26;12,27;12,94;11,42;9,14;7,57;6,16;5,21;4,23;5,12
Bahrain;BHR;Unemployment, total (% of total labor force) (national estimate);SL.UEM.TOTL.NE.ZS;;;;;;;;;;;;;;;;;;;;;;3,1;;;;;;;;;;;;;;;;;;;;;;;;;;5,6;3,7;4;1,13;4;1,2;;;;;;;;
Bahamas, The;BHS;Unemployment, total (% of total labor force) (national estimate);SL.UEM.TOTL.NE.ZS;;;;;;;;;;;;;;8,6;;21,2;;20,86;;14,7;;;;;;;12,09;;11,02;11,59;7,77;12,17;14,81;12,72;13,83;10,83;11,46;9,76;7,65;7,45;;6,87;9,05;10,84;10,2;10,2;7,54;7,88;8,18;14,25;;14,52;14,02;16,18;13,8;12;12,7;9,8;10;;
Bosnia and Herzegovina;BIH;Unemployment, total (% of total labor force) (national estimate);SL.UEM.TOTL.NE.ZS;;;;;;;;;;;;;;;;;;;;;;;;;;;;;;;;17,55;;;;;;;;;;;;;;;31,11;28,98;23,41;24,07;27,31;27,58;28,01;27,49;27,52;27,69;25,41;20,53;18,4;15,69;15,86999989
Belarus;BLR;Unemployment, total (% of total labor force) (national estimate);SL.UEM.TOTL.NE.ZS;;;;;;;;;;;;;;;;;;;;;;;;;;;;;;;;0,05;0,5;1,4;2,1;2,9;4;2,8;2,3;2,1;2,1;2,3;3;3,1;1,9;1,5;1,2;1;0,8;6,1;;0,6;0,5;0,5;0,5;1;5,84;5,65;4,76;4,16;4,050000191
Belize;BLZ;Unemployment, total (% of total labor force) (national estimate);SL.UEM.TOTL.NE.ZS;;;;;;;;;;;;;;;;;;;;;;;;;;;;;;;;;;9,78;11,1;12,48;13,82;12,68;14,31;12,84;;9,07;10,04;;;10,91;9,39;8,51;8,18;;;;;8,35;8,24;7,58;7;6,6;;9,05;
Bermuda;BMU;Unemployment, total (% of total labor force) (national estimate);SL.UEM.TOTL.NE.ZS;;;;;;;;;;;;;;;;;;;;;;;;;;;;;;;;;;;;;;;;;2,71;;;;;;;;;4,48;6,49;;8,44;6,66;8,94;;;;;;
Bolivia;BOL;Unemployment, total (% of total labor force) (national estimate);SL.UEM.TOTL.NE.ZS;;;;;;;;;;;;9;8,1;7,1;6,1;5,2;5,3;5,3;5,5;5,6;6,1;10,16;11,6;14,19;14,66;19,28;19,76;20,32;18;10,1;6,69;6,59;5,52;5,99;3,08;3,69;5,23;2,08;;3,93;4,47;5,24;5,48;;4,17;5,45;5,08;5,18;2,6;2,97;;2,25;2,07;2,44;2,02;3,11;3,5;3,65;3,52;3,82;7,9
Brazil;BRA;Unemployment, total (% of total labor force) (national estimate);SL.UEM.TOTL.NE.ZS;;;;;;;;;;;;;3,06;2,78;;;1,92;2,32;2,36;2,76;;3,99;4,83;4,62;4,04;3,38;2,37;3,56;3,79;2,97;3,69;;6,42;6,03;;6,42;7,25;8,16;9,42;10,21;;9,61;9,37;9,99;9,11;9,57;8,64;8,33;7,34;8,52;;6,92;7,19;6,98;6,66;8,43;11,6;12,82;12,33;11,93;13,69
Barbados;BRB;Unemployment, total (% of total labor force) (national estimate);SL.UEM.TOTL.NE.ZS;;;;;;;;;;;;;;;;;9,86;12,45;13,29;9,45;8,98;7,23;8,39;9,06;17,02;18,85;17,88;17,94;17,57;14,06;8,16;7,52;22,94;24,54;22,98;19,66;14,71;14,61;12,4;10,61;9,35;9,85;10,32;11;;;;;;10,02;10,69;;;11,55;12,17;9,8;8,25;8,62;8,32;8,41;
Brunei Darussalam;BRN;Unemployment, total (% of total labor force) (national estimate);SL.UEM.TOTL.NE.ZS;;;;;;;;;;;;;;;;8,25;7,85;8,06;8,7;10,04;7,67;7,84;6,55;6,04;;;;;;;;4,7;;;;;;;;;;;;;;;;;;;;;;;6,97;;;9,32;8,7;6,92;
Bhutan;BTN;Unemployment, total (% of total labor force) (national estimate);SL.UEM.TOTL.NE.ZS;;;;;;;;;;;;;;;;;;;;;;;;;;;;;;;;;;;;;;;1,4;1,4;;1,9;;1,8;2,49;3,1;3,13;3,7;;3,96;3,32;3,23;2,05;2,87;2,63;2,45;;;;;
Botswana;BWA;Unemployment, total (% of total labor force) (national estimate);SL.UEM.TOTL.NE.ZS;;;;;;;;;;;;;;;;;;;;;;;;;;25,67;;;;;;13,82;;;21,2;;21,59;;20,86;;15,88;18,54;;23,8;;;17,78;;;16,17;17,86;;;;;;;;;22,61;24,93000031
Central African Republic;CAF;Unemployment, total (% of total labor force) (national estimate);SL.UEM.TOTL.NE.ZS;;;;;;;;;;;;;;;;;;;;;;;;;;;;;;;;;;;;;;;;;;;;;;;;;;;;;;;;;;;;;
Canada;CAN;Unemployment, total (% of total labor force) (national estimate);SL.UEM.TOTL.NE.ZS;;;;;;;;;;4,7;5,9;6,4;6,3;5,6;5,4;;7,09;8,05;8,38;7,53;7,54;7,61;11,04;12,02;11,34;10,5;9,59;8,82;7,76;7,55;8,13;10,32;11,2;11,38;10,4;9,49;9,62;9,1;8,28;7,58;6,83;7,22;7,66;7,57;7,19;6,76;6,32;6,04;6,14;8,34;8,06;7,51;7,29;7,07;6,91;6,91;7;6,34;5,83;5,66;9,46
Central Europe and the Baltics;CEB;Unemployment, total (% of total labor force) (national estimate);SL.UEM.TOTL.NE.ZS;;;;;;;;;;;;;;;;;;;;;;;;;;;;;;;;;10,50337451;12,40148262;11,34858722;10,65841836;10,18024511;9,156204097;8,952602764;10,38508244;12,43365201;13,22653744;13,74175145;12,95719405;12,93416902;12,05586795;10,10474554;7,807919553;6,606063619;8,489908553;9,901324676;9,78950134;9,977193868;10,04678071;8,949772556;7,814061976;6,485959309;5,295027382;4,314951436;3,779593495;4,367374211
Switzerland;CHE;Unemployment, total (% of total labor force) (national estimate);SL.UEM.TOTL.NE.ZS;;;;;;;;;;;;;;;;0,3;0,7;0,4;0,4;0,4;0,2;0,2;0,4;0,9;1,1;1;0,8;0,8;0,7;0,6;2,07;1,78;2,81;3,72;3,88;3,33;3,71;4,2;3,6;3,15;2,67;2,49;2,92;4,12;4,32;4,44;4;3,65;3,35;4,12;4,8;4,4;4,48;4,75;4,83;4,8;4,92;4,8;4,71;4,39;4,82
Channel Islands;CHI;Unemployment, total (% of total labor force) (national estimate);SL.UEM.TOTL.NE.ZS;;;;;;;;;;;;;;;;;;;;;;;;;;;;;;;;;;;;;;;;;;;;;;;;;;;;;;;;;;;;;
Chile;CHL;Unemployment, total (% of total labor force) (national estimate);SL.UEM.TOTL.NE.ZS;;;;;;;;;;;;;;;;14,69;12,75;11,83;14,26;13,63;10,46;11,35;19,6;14,65;13,91;;8,71;;6,23;5,29;5,63;5,23;4,35;4,49;5,87;4,7;7,41;7,14;7,31;11,16;10,49;10,39;10,17;9,77;10,16;9,34;9,02;8,43;9,29;11,31;8,42;7,34;6,66;6,21;6,66;6,51;6,74;6,96;7,23;7,29;11,18
China;CHN;Unemployment, total (% of total labor force) (national estimate);SL.UEM.TOTL.NE.ZS;;;;;;;;;;;;;;;;;;;5,3;5,4;4,9;3,8;3,2;2,3;1,9;1,8;2;2;2;2,6;2,5;2,3;2,3;2,6;2,8;2,9;3;3,1;3,1;3,1;3,1;3,6;4;4,3;4,2;4,2;4,1;4;4,2;4,3;4,1;4,1;4,1;4,05;4,1;;;3,9;3,8;5,15;
Cote d'Ivoire;CIV;Unemployment, total (% of total labor force) (national estimate);SL.UEM.TOTL.NE.ZS;;;;;;;;;;;;;;;;;;;;;;;;;;;;;;;;;6,7;;;4,1;;;4,1;;;;;;;;;;;;;;7,22;4,25;;;2,6;3,27;;;
Cameroon;CMR;Unemployment, total (% of total labor force) (national estimate);SL.UEM.TOTL.NE.ZS;;;;;;;;;;;;;;;;;;;;;;;;;;;;;;;;;;;;;8,06;;;;;7,46;;;;4,4;;3,06;;;4,11;;;;3,53;;;;;;
Congo, Dem. Rep.;COD;Unemployment, total (% of total labor force) (national estimate);SL.UEM.TOTL.NE.ZS;;;;;;;;;;;;;;;;;;;;;;;;;;;;;;;;;;;;;;;;;;;;;;2,85;;;;;;;4,49;;;;;;;;
Congo, Rep.;COG;Unemployment, total (% of total labor force) (national estimate);SL.UEM.TOTL.NE.ZS;;;;;;;;;;;;;;;;;;;;;;;;;;;;;;;;;;;;;;;;;;;;;;19,8;;;;19,86;;;10;;;;;;;;
Colombia;COL;Unemployment, total (% of total labor force) (national estimate);SL.UEM.TOTL.NE.ZS;;;;;;;;;;;;;;;;10,55;;9,4;;;9,1;8,13;11,46;11,13;13;13,89;12,94;10,83;;;;10,12;9,44;7,8;8,25;8,72;11,81;12,14;15;20,06;20,52;15,04;14,48;13,22;12,74;11,06;11,29;10,25;10,52000046;11,31999969;10,98;10,11;9,74;9,05;8,57;8,3;8,69;8,87;9,11;9,96;15,04
Comoros;COM;Unemployment, total (% of total labor force) (national estimate);SL.UEM.TOTL.NE.ZS;;;;;;;;;;;;;;;;;;;;;;;;;;;;;;;;;;;;;;;;;;;;;4,57;;;;;;;;;;8,14;;;;;;
Cabo Verde;CPV;Unemployment, total (% of total labor force) (national estimate);SL.UEM.TOTL.NE.ZS;;;;;;;;;;;;;;;;;;;;;;;;;;;;;;;23;;;;;;;;;;;;;;;;;;;;10,67;;;;;31,31;;12,24;12,17;11,29;
Costa Rica;CRI;Unemployment, total (% of total labor force) (national estimate);SL.UEM.TOTL.NE.ZS;;;;;;;;;;;;;;;;;;;;;;;;;;;;;;;4,51;5,37;3,93;3,95;4,05;5,18;6,16;5,68;5,33;5,9;5,08;5,92;6,33;6,56;6,39;6,57;5,74;4,49;4,78;7,71;7,17;10,14;9,78;8,77;9,06;9;8,6;8,14;9,63;11,49;17,41
Caribbean small states;CSS;Unemployment, total (% of total labor force) (national estimate);SL.UEM.TOTL.NE.ZS;;;;;;;;;;;;;;;;;;;;;;;;;;;;;;;15,66638104;15,69762586;16,54365435;17,16961063;16,17792032;15,70938298;15,30764159;15,12112594;14,30292295;14,08033755;14,12682177;12,85403496;12,51624317;11,61351842;11,06584906;10,45966838;9,257599967;8,484078174;6,787290498;7,84823895;6,763356122;7,709987167;8,151671746;8,761298169;7,776938032;9,73899567;7,507423681;;;;
Cuba;CUB;Unemployment, total (% of total labor force) (national estimate);SL.UEM.TOTL.NE.ZS;;;;;;;;;;;;;;;;;;;;;;;;;;;;;;;;;;;;8,27;7,61;7,1;6,23;6,26;5,45;4,08;3,31;2,33;1,85;1,95;1,91;1,79;1,58;1,67;2,5;3,18;3,46;3,29;2,7;2,4;2;1,7;1,7;;
Curacao;CUW;Unemployment, total (% of total labor force) (national estimate);SL.UEM.TOTL.NE.ZS;;;;;;;;;;;;;;;;;;;;;;;;;;;;;;;;;;;;;;;;;;;;;;;;;;;;9,78;;13,03;12,61;11,71;;;13,43;;19,10000038
Cayman Islands;CYM;Unemployment, total (% of total labor force) (national estimate);SL.UEM.TOTL.NE.ZS;;;;;;;;;;;;;;;;;;;;;;;;;;;;;;;;5,91;;7,22;5,74;4,94;5,1;4,14;4,17;;;7,54;5,37;3,61;3,45;3,54;2,62;3,83;3,97;6,04;6,68;6,78;6,21;6,27;4,7;4,24;;;;;
Cyprus;CYP;Unemployment, total (% of total labor force) (national estimate);SL.UEM.TOTL.NE.ZS;;;;;;;;;;;;;;;;10,9;7,4;3,1;2;1,7;2;2,6;2,8;3,3;3,3;3,3;3,7;3,4;2,8;2,3;1,8;3;2,09;2,7;2,7;2,6;3,1;3,4;3,3;5,7;4,97;3,98;3,3;4,14;4,33;5,3;4,54;3,92;3,65;5,36;6,26;7,86;11,8;15,87;16,09;14,91;12,95;11,05;8,37;7,07;7,59
Czech Republic;CZE;Unemployment, total (% of total labor force) (national estimate);SL.UEM.TOTL.NE.ZS;;;;;;;;;;;;;;;;;;;;;;;;;;;;;;;0,7;2,27;2,6;4,32;4,3;4,02;3,89;4,27;5,9;8,49;8,76;7,99;7,02;7,54;8,21;7,93;7,15;5,32;4,39;6,66;7,28;6,71;6,98;6,95;6,11;5,05;3,95;2,89;2,24;2,01;2,55
Germany;DEU;Unemployment, total (% of total labor force) (national estimate);SL.UEM.TOTL.NE.ZS;;;;;;;;;;;;;;;;;;;;;;;;6,45;6,67;6,87;6,61;6,82;6,32;5,71;4,89;5,32;6,32;7,68;8,73;8,16;8,82;9,86;9,79;8,86;7,92;7,77;8,48;9,78;10,73;11,17;10,25;8,66;7,52;7,74;6,97;5,82;5,38;5,23;4,98;4,62;4,12;3,75;3,38;3,14;3,81
Djibouti;DJI;Unemployment, total (% of total labor force) (national estimate);SL.UEM.TOTL.NE.ZS;;;;;;;;;;;;;;;;;;;;;;;;;;;;;;;;;;;;;;;;;;;;;;;;;;;;;;;;;;26,06;;;
Dominica;DMA;Unemployment, total (% of total labor force) (national estimate);SL.UEM.TOTL.NE.ZS;;;;;;;;;;;;;;;;;;;;;;;;;;;;;;11,33;;9,53;;;;;;23,18;;15,67;;10,96;;;;;;;;;;;;;;;;;;;
Denmark;DNK;Unemployment, total (% of total labor force) (national estimate);SL.UEM.TOTL.NE.ZS;;;;;;;;;;;;;;0,9;2,1;5,1;5,3;6,4;7,3;6,1;7;9,2;10;9,74;8,87;7,8;6,03;6,09;6,49;8,15;8,34;9,1;9,03;10,72;8,04;6,99;6,84;5,4;5,04;5,14;4,48;4,16;4,27;5,4;5,2;4,83;3,9;3,8;3,68;6,41;7,75;7,77;7,8;7,38;6,93;6,28;5,99;5,83;5,13;5,02;5,64
Dominican Republic;DOM;Unemployment, total (% of total labor force) (national estimate);SL.UEM.TOTL.NE.ZS;;;;;;;;;;;;;;;;;;;;;;;;;;;;;;;;;;;;;;;;;6,43;7,26;6,78;6,94;6,3;6,59;5,65;5,16;4,76;5,47;5,21;6,09;6,72;7,35;6,72;7,61;7,28;5,83;5,86;6,36;6,130000114
Algeria;DZA;Unemployment, total (% of total labor force) (national estimate);SL.UEM.TOTL.NE.ZS;;;;;;;;;;;;;;;;;;;;;;;;;;;;;;17,64;21,26;20,6;24,38;26,23;27,74;31,84;;25,43;;;29,77;27,3;25,9;23,72;17,65;15,27;12,27;13,79;11,33;10,16;9,96;9,96;10,97;9,82;10,21;11,21;10,2;13,57;;;
East Asia & Pacific (excluding high income);EAP;Unemployment, total (% of total labor force) (national estimate);SL.UEM.TOTL.NE.ZS;;;;;;;;;;;;;;;;;;;;;;;;;;;;;;;2,768514961;2,595167535;2,549171058;2,795198307;3,114060228;3,058737854;3,218278961;3,330374427;3,536483678;3,608734814;3,593811262;3,773407694;4,099688068;4,31580342;4,316523769;4,457080067;4,34968504;4,18972202;4,371743077;4,219003231;3,928345932;3,871036919;3,799777823;3,745884841;3,759936482;;;3,558027969;3,499453037;4,377647338;
Early-demographic dividend;EAR;Unemployment, total (% of total labor force) (national estimate);SL.UEM.TOTL.NE.ZS;;;;;;;;;;;;;;;;;;;;;;;;;;;;;;;;;;;4,212486655;;;;;;5,362588007;;;;;5,231087426;;;;;4,555069792;;4,788894421;;;;;;5,923319772;6,01592471;5,976644753
East Asia & Pacific;EAS;Unemployment, total (% of total labor force) (national estimate);SL.UEM.TOTL.NE.ZS;;;;;;;;;;;;;;;;;;;;;;;;;;;;;;;2,747697309;2,62349123;2,604369003;2,848900661;3,137458767;3,095790699;3,254002197;3,36043612;3,68605631;3,778115065;3,705070693;3,89251249;4,208006382;4,389078175;4,344498455;4,441835841;4,315384713;4,144217713;4,309047287;4,290933698;4,01397551;3,911075017;3,832110912;3,767246128;3,764232183;;;3,546890319;3,467421612;4,247522291;
Europe & Central Asia (excluding high income);ECA;Unemployment, total (% of total labor force) (national estimate);SL.UEM.TOTL.NE.ZS;;;;;;;;;;;;;;;;;;;;;;;;;;;;;;;;;5,630231798;5,945816706;7,547606816;7,940385182;8,643652171;9,777145256;10,87185435;11,49078656;9,461145307;8,826952292;8,583645932;8,404693093;8,150557966;7,621293137;7,376770234;7,04042815;7,165352891;9,013083846;8,470217924;7,681980581;7,072139302;7,104468889;7,307037903;7,455653704;7,549443502;7,298166456;7,213241922;7,401528186;7,897907861
Europe & Central Asia;ECS;Unemployment, total (% of total labor force) (national estimate);SL.UEM.TOTL.NE.ZS;;;;;;;;;;;;;;;;;;;;;;;;;;;;;;;;;7,694094151;8,800578115;9,746137779;9,462334896;9,830784955;10,14786524;10,31469451;10,38929483;9,261974414;8,573598213;8,644501247;8,686764202;8,677561666;8,333040639;7,786040556;7,062898715;7,039204625;8,933839912;9,044201406;8,711945021;8,923988656;9,159528335;8,914585828;8,520229138;8,100773438;7,494825926;7,012660809;6,789851307;7,43277498
Ecuador;ECU;Unemployment, total (% of total labor force) (national estimate);SL.UEM.TOTL.NE.ZS;;;;;;;;;;;;;;;4,4;5,3;;5,8;;;;;;;;;;7,24;6,99;7,71;5,88;8,19;8,56;7,95;6,68;6,7;10,38;9,17;11,49;13,96;4,8;4,25;;5,66;5;3,78;3,55;3,14;3,92;4,61;4,09;3,46;3,23;3,08;3,48;3,62;4,6;3,84;3,53;3,81;6,11
Egypt, Arab Rep.;EGY;Unemployment, total (% of total labor force) (national estimate);SL.UEM.TOTL.NE.ZS;;;;;;;;;;;2,4;1,82;1,53;1,71;2,3;2,57;;3,13;3,64;4,55;5,18;4,97;5,21;6,47;5,89;;;;;7,06;8,43;9,38;8,92;10,92;10,93;11,04;9;8,37;8,03;7,95;8,98;9,26;10,01;11,01;10,32;11,2;10,49;8,8;8,52;9,09;8,76;11,85;12,6;13,15;13,1;13,05;12,41;11,74;9,82;7,84;
Euro area;EMU;Unemployment, total (% of total labor force) (national estimate);SL.UEM.TOTL.NE.ZS;;;;;;;;;;;;;;;;;;;;;;;;;;;;;;;8,226061007;8,356524655;8,961534425;10,58204792;11,73979884;11,36702117;11,66155274;11,65641974;11,19214474;10,43939511;9,425973124;8,347991314;8,614319323;8,95951303;9,24665516;9,020574815;8,312721584;7,436473927;7,481596797;9,537984199;10,0705581;10,10982019;11,28886837;11,92723143;11,60360956;10,83792739;10,02524498;9,063260447;8,17903909;7,546948339;7,840194616
Eritrea;ERI;Unemployment, total (% of total labor force) (national estimate);SL.UEM.TOTL.NE.ZS;;;;;;;;;;;;;;;;;;;;;;;;;;;;;;;;;;;;;;;;;;;;;;;;;;;;;;;;;;;;;
Spain;ESP;Unemployment, total (% of total labor force) (national estimate);SL.UEM.TOTL.NE.ZS;;;;;;;;;;1,3;1,1;1,5;1,5;2,49;3,04;4,8;2,9;5,2;6,97;8,61;11,4;14,17;16;17,49;20,25;21,64;21,26;20,61;19,85;17,33;16,27;15,93;17,7;22,16;24,21;22,67;22,14;20,7;18,67;15,48;13,79;10,35;11,15;11,28;11,09;9,15;8,45;8,23;11,25;17,86;19,86;21,39;24,79;26,09;24,44;22,06;19,63;17,22;15,25;14,1;15,53
Estonia;EST;Unemployment, total (% of total labor force) (national estimate);SL.UEM.TOTL.NE.ZS;;;;;;;;;;;;;;;;;;;;;;;;;;;;;;0,56;0,64;1,47;3,68;6,54;7,56;9,66;9,92;10,37;9,51;11,57;13,36;13,13;10,03;11,29;10,25;8,03;5,91;4,59;5,45;13,55;16,71;12,33;10,02;8,63;7,35;6,19;6,76;5,76;5,37;4,45;6,8
Ethiopia;ETH;Unemployment, total (% of total labor force) (national estimate);SL.UEM.TOTL.NE.ZS;;;;;;;;;;;;;;;;;;;;;;;;;1,2;;;;;;;;;;3,1;;;;;3,71;;;;;;2,5;;;;;;;;2,25;;;;;;;
European Union;EUU;Unemployment, total (% of total labor force) (national estimate);SL.UEM.TOTL.NE.ZS;;;;;;;;;;;;;;;;;;;;;;;;;;;;;;;7,429387619;8,13817946;9,271146035;10,9201618;11,49089236;11,01034086;11,08655034;10,86678074;10,44231532;10,17950168;9,824929558;9,195806895;9,540629497;9,646951577;9,882398685;9,570357067;8,625720059;7,448928643;7,202278035;9,124058181;9,800563319;9,838452799;10,80712261;11,3284855;10,84777813;10,02450616;9,121510578;8,140143189;7,266229863;6,693942624;7,049980267
Fragile and conflict affected situations;FCS;Unemployment, total (% of total labor force) (national estimate);SL.UEM.TOTL.NE.ZS;;;;;;;;;;;;;;;;;;;;;;;;;;;;;;;;;;;;;;;;;;;;;;;;;;;;;;;;;;;;;
Finland;FIN;Unemployment, total (% of total labor force) (national estimate);SL.UEM.TOTL.NE.ZS;;;;;;;;;;2,83;1,89;2,26;2,42;2,45;1,61;2,08;3,75;6,09;7,23;6,2;4,86;5,04;5,28;5,43;5,12;4,73;5,32;5,07;4,47;3,14;3,07;6,5;11,6;16,2;16,43;17;15,57;14,97;13,21;11,69;11,13;10,29;10,42;10,47;10,36;8,38;7,72;6,85;6,37;8,25;8,39;7,78;7,69;8,19;8,66;9,38;8,82;8,64;7,36;6,69;7,76
Fiji;FJI;Unemployment, total (% of total labor force) (national estimate);SL.UEM.TOTL.NE.ZS;;;;;;;;;;;;;;;;;;;;;;;6,06;;;;;;;;;5,93;5,35;5,88;5,7;5,4;5,78;;;;;;;8,22;4,7;3,89;;;8,94;8,72;8,91;4,41;9;;6,17;;4,32;;;;
France;FRA;Unemployment, total (% of total labor force) (national estimate);SL.UEM.TOTL.NE.ZS;;;;;;;;;;;2,42;2,67;2,77;2,69;2,86;4,08;4,47;5,01;5,27;6,03;6,42;7,54;8,2;7,92;9,53;10,26;10,23;10,74;10,18;9,62;9,36;9,13;10,21;11,32;12,59;11,84;12,37;12,57;12,07;11,98;10,22;8,61;8,7;8,31;8,91;8,49;8,45;7,66;7,06;8,74;8,87;8,81;9,4;9,92;10,29;10,35;10,05;9,41;9,02;8,41;8,01
Faroe Islands;FRO;Unemployment, total (% of total labor force) (national estimate);SL.UEM.TOTL.NE.ZS;;;;;;;;;;;;;;;;;;;;;;;;;;;;;;;;;;;;;;;;;4,17;4;;3,85;3,7;;;;;;;;;;;;;;;;
Micronesia, Fed. Sts.;FSM;Unemployment, total (% of total labor force) (national estimate);SL.UEM.TOTL.NE.ZS;;;;;;;;;;;;;;;;;;;;;;;;;;;;;;;;;;;;;;;;;;;;;;;;;;;;;;;8,86;;;;;;
Gabon;GAB;Unemployment, total (% of total labor force) (national estimate);SL.UEM.TOTL.NE.ZS;;;;;;;;;;;;;;;;;;;;;;;;;;;;;;;;;;17,78;;;;;;;;;;;;16,91;;;;;20,39;;;;;;;;;;
United Kingdom;GBR;Unemployment, total (% of total labor force) (national estimate);SL.UEM.TOTL.NE.ZS;;;;;;;;;;;;3,3;3,7;2,6;2,6;4;5,5;5,8;5,7;5,3;6,8;10,4;10,9;11,09;10,9;11,49;11,51;11,02;9,01;7,41;6,97;8,55;9,78;10,35;9,65;8,69;8,19;7,07;6,2;6,04;5,56;4,7;5,04;4,81;4,59;4,75;5,35;5,26;5,62;7,54;7,79;8,04;7,88;7,52;6,11;5,3;4,81;4,33;4;3,74;
Georgia;GEO;Unemployment, total (% of total labor force) (national estimate);SL.UEM.TOTL.NE.ZS;;;;;;;;;;;;;;;;;;;;;;;;;;;;;;;;;;;;;2,4;5;14,53;13,8;10,82;11,16;12,59;11,51;12,62;13,81;13,57;13,28;17,87;20,71;20,2;19,63;19,65;19,42;17,44;16,51;16,6;13,94;12,67;11,57;18,5
Ghana;GHA;Unemployment, total (% of total labor force) (national estimate);SL.UEM.TOTL.NE.ZS;;;;;;;;;;;;;;;;;;;;;;;;;;;;;;;;3,49000001;4,7;;;;;;8,2;10,1;10,46;;;;;;4,64;;;;5,38;;;2,17;;6,81;;4,22;;;
Gibraltar;GIB;Unemployment, total (% of total labor force) (national estimate);SL.UEM.TOTL.NE.ZS;;;;;;;;;;;;;;;;;;;;;;;;;;;;;;;;6,44;;;;;;;;;;;;;;;;;;;;;;;;;;;;;
Guinea;GIN;Unemployment, total (% of total labor force) (national estimate);SL.UEM.TOTL.NE.ZS;;;;;;;;;;;;;;;;;;;;;;;;;;;;;;;;;;;;;;;;;;;4,55;;;;;;;;;;;;;;;;;5,02;
Gambia, The;GMB;Unemployment, total (% of total labor force) (national estimate);SL.UEM.TOTL.NE.ZS;;;;;;;;;;;;;;;;;;;;;;;;;;;;;;;;;;;;;;;;;;;;;;;;;;;;;9,42;;;;;;10,16;;
Guinea-Bissau;GNB;Unemployment, total (% of total labor force) (national estimate);SL.UEM.TOTL.NE.ZS;;;;;;;;;;;;;;;;;;;;;;;;;;;;;;;;;;;;;;;;;;;;;;;;;;;;;;;;;;;3,200000048;;
Equatorial Guinea;GNQ;Unemployment, total (% of total labor force) (national estimate);SL.UEM.TOTL.NE.ZS;;;;;;;;;;;;;;;;;;;;;;;;25;;;;;;;;;;;;;;;;;;;;;;;;;;;;;;;;;;;;;
Greece;GRC;Unemployment, total (% of total labor force) (national estimate);SL.UEM.TOTL.NE.ZS;;;;;;;;;;;;;;;;;;;;;;3,42;4,94;7,81;8,1;7,8;7,36;7,36;7,65;7,46;7,02;7,66;7,84;8,61;8,86;9,06;9,66;9,58;10,84;11,85;11,25;10,46;9,97;9,41;10,31;9,99;9,01;8,4;7,76;9,62;12,71;17,86;24,44;27,47;26,49;24,9;23,54;21,49;19,29;17,31;16,3
Grenada;GRD;Unemployment, total (% of total labor force) (national estimate);SL.UEM.TOTL.NE.ZS;;;;;;;;;;;;;;;;;;;;;;;;;;;;;;;;13,91;;;26,93;;16,89;;15,24;;;;;;;;;;;;;;;24,2;24,5;22,9;;;;;
Greenland;GRL;Unemployment, total (% of total labor force) (national estimate);SL.UEM.TOTL.NE.ZS;;;;;;;;;;;;;;;;;;;;;;;;;;;;;;;;;;;;;12,92;10,08;11,56;9,03;11,02;9,53;8,82;10,3;10,44;9,25;8,4;;;;7,8;9,4;9,8;10,1;10,3;9,1;;;;;
Guatemala;GTM;Unemployment, total (% of total labor force) (national estimate);SL.UEM.TOTL.NE.ZS;;;;;;;;;;;;;;;;;;;;;;2,15;2,27;;;;;2,4;;1,94;;;;;;;;;;;;;;2,81;2,97;;1,9;;;;3,5;4,13;2,76;3,02;2,72;2,51;2,58;2,46;2,28;2,19;
Guam;GUM;Unemployment, total (% of total labor force) (national estimate);SL.UEM.TOTL.NE.ZS;;;;;;;;;;;;;;;9,6;8,21;8,79;;;;9,9;8,7;9,6;9,25;;;6,28;;;2,81;2,83;3,51;3,84;5,53;7,6;7,9;8,28;9,67;7,74;13,95;15,32;13,21;11,39;;7,7;7;7,4;8,3;;9,3;8,2;13,3;12,2;11,5;7,6;6,9;5,4;;;;
Guyana;GUY;Unemployment, total (% of total labor force) (national estimate);SL.UEM.TOTL.NE.ZS;;;;;;;;;;;;;;;;;;;;;;;;;;;;13,09;;;;;11,9;;;;;;;;;;11,81;;;;10,7;;;;;;;;;;;;14,02;13,52000046;
High income;HIC;Unemployment, total (% of total labor force) (national estimate);SL.UEM.TOTL.NE.ZS;;;;;;;;;;;;;;;;;;;;;;;;;;;;;;;5,778485013;6,511193763;7,309026848;7,825345027;7,870527634;7,436626999;7,493216498;7,224426847;7,136045109;6,96132053;6,532703058;6,527425395;7,035963549;7,175890355;7,00124269;6,68936108;6,156925947;5,62777614;5,890923418;8,032274648;8,287730866;7,977922122;8,020023142;7,938298133;7,302506229;6,695802372;6,159730774;5,63295987;5,140057431;4,785831939;6,659306855
Hong Kong SAR, China;HKG;Unemployment, total (% of total labor force) (national estimate);SL.UEM.TOTL.NE.ZS;;;;;;;;;;;;;;;;9,17;5;4,3;1,59;2,09;2,4;1,53;1,85;2,11;1,92;3,18;2,82;1,73;1,36;1,07;1,32;1,8;1,96;1,96;1,9;3,22;2,83;2,22;4,58;6,25;4,92;5,09;7,28;7,86;6,74;5,58;4,77;4,01;3,56;5,26;4,33;3,42;3,29;3,4;3,3;3,31;3,39;3,13;2,82;2,93;5,83
Honduras;HND;Unemployment, total (% of total labor force) (national estimate);SL.UEM.TOTL.NE.ZS;;;;;;;;;;;;;;;8,1;;;;;;;;7,3;;;;12,12;11,4;;;4,78;4,58;3,06;;;3,24;4,37;3,32;4,02;3,85;;4;4,02;5,3;5,99;4,91;3,57;3,21;3,16;3,29;4,12;4,47;3,75;5,65;7,08;6,15;6,73;5,53;5,65;5,7;10,97999954
Heavily indebted poor countries (HIPC);HPC;Unemployment, total (% of total labor force) (national estimate);SL.UEM.TOTL.NE.ZS;;;;;;;;;;;;;;;;;;;;;;;;;;;;;;;;;;;;;;;;;;;;;;;;;;;;;;;;;;;;;
Croatia;HRV;Unemployment, total (% of total labor force) (national estimate);SL.UEM.TOTL.NE.ZS;;;;;;;;;;;;;;;;;;;;;;;;;;;;;;;;11,14;;;;;9,68;9,71;11,39;13,56;16,06;15,82;15,05;13,92;13,66;12,6;11,13;9,91;8,53;9,2;11,62;13,68;15,93;17,25;17,29;16,18;13,1;11,21;8,43;6,62;7,51
Haiti;HTI;Unemployment, total (% of total labor force) (national estimate);SL.UEM.TOTL.NE.ZS;;;;;;;;;;;;;;;;;;;;;;;;12,2;;;;;;;11,25;;;;;;;;;7,2;;;;;;;;16,8;;;;;14,1;;;;;;;;
Hungary;HUN;Unemployment, total (% of total labor force) (national estimate);SL.UEM.TOTL.NE.ZS;;;;;;;;;;;;;;;;;;;;;;;;;;;;;;;1,7;8,5;9,94;12,1;10,85;10,17;10,02;8,99;8,93;6,93;6,56;5,67;5,61;5,79;5,83;7,19;7,49;7,41;7,82;10,03;11,17;11,03;11;10,18;7,73;6,81;5,11;4,16;3,71;3,42;4,25
IBRD only;IBD;Unemployment, total (% of total labor force) (national estimate);SL.UEM.TOTL.NE.ZS;;;;;;;;;;;;;;;;;;;;;;;;;;;;;;;;;;;4,021488801;;5,075418435;5,265518791;5,681308664;5,962847363;5,085402143;6,063126726;6,490156014;6,426071679;6,290534255;5,408512127;5,999615873;5,631696759;5,604285193;5,890518846;4,780517071;5,449395427;4,775170417;5,272196755;5,305138708;;;5,569926919;5,33670362;5,801122412;
IDA & IBRD total;IBT;Unemployment, total (% of total labor force) (national estimate);SL.UEM.TOTL.NE.ZS;;;;;;;;;;;;;;;;;;;;;;;;;;;;;;;;;;;4,008651045;;;;;;5,098723414;;;;;5,319420167;;;;;4,681888452;;4,714489501;4,98423024;;;;;5,286977546;5,897332705;
IDA total;IDA;Unemployment, total (% of total labor force) (national estimate);SL.UEM.TOTL.NE.ZS;;;;;;;;;;;;;;;;;;;;;;;;;;;;;;;;;;;;;;;;;;;;;;;;;;;;;;;;;;;;;
IDA blend;IDB;Unemployment, total (% of total labor force) (national estimate);SL.UEM.TOTL.NE.ZS;;;;;;;;;;;;;;;;;;;;;;;;;;;;;;;;;;;;;;;;;;;;;;;;;;;;2,65890513;;3,499335625;3,366575512;4,077212916;;;;;
Indonesia;IDN;Unemployment, total (% of total labor force) (national estimate);SL.UEM.TOTL.NE.ZS;;;;;;;;;;;;;;;;;1,92;1,29;2,48;;1,66;;2,85;;;2,1;2,59;2,55;2,74;;2,54;2,62;2,73;2,78;4,37;;4,86;4,68;5,46;6,36;6,08;6,08;6,6;6,66;7,3;7,94;7,55;8,06;7,21;6,11;5,61;5,15;4,47;4,34;4,05;4,51;4,3;3,779999971;4,389999866;3,599999905;4,28
IDA only;IDX;Unemployment, total (% of total labor force) (national estimate);SL.UEM.TOTL.NE.ZS;;;;;;;;;;;;;;;;;;;;;;;;;;;;;;;;;;;;;;;;;;;;;;;;;;;;;;;;;;;;;
Isle of Man;IMN;Unemployment, total (% of total labor force) (national estimate);SL.UEM.TOTL.NE.ZS;;;;;;;;;;;;;;;;3,1;3,5;3,7;3,1;2,3;2,9;4,6;5,9;7,1;7,4;8;7,7;5,8;3,3;2;2,1;4,1;4,3;4,9;4,7;4,4;3,54;;;0,8;0,6;1,6;0,5;0,8;1;1,4;2,42;1,4;1,4;;;3,3;;2,6;1,98;;2,67;;;;
India;IND;Unemployment, total (% of total labor force) (national estimate);SL.UEM.TOTL.NE.ZS;;;;;;;;;;;;;;;;;;;;;;;;;;;;;;;;;;;2,15;;;;;;2,73;;;;;2,42;;;;;2,44;;2,69;;;;;;5,33;5,27;4,679999828
Not classified;INX;Unemployment, total (% of total labor force) (national estimate);SL.UEM.TOTL.NE.ZS;;;;;;;;;;;;;;;;;;;;;;;;;;;;;;;;;;;;;;;;;;;;;;;;;;;;;;;;;;;;;
Ireland;IRL;Unemployment, total (% of total labor force) (national estimate);SL.UEM.TOTL.NE.ZS;;;;;;;;;;;;;;;;;;;;;;;;14,76;16,45;17,92;18,03;18,07;17,44;16,1;14,09;15,78;15,03;15,59;14,57;11,98;11,72;10,2;7,7;5,8;4,32;3,68;4,22;4,48;4,49;4,34;4,41;4,98;6,77;12,61;14,53;15,35;15,45;13,73;11,86;9,91;8,37;6,71;5,74;4,95;5,62
Iran, Islamic Rep.;IRN;Unemployment, total (% of total labor force) (national estimate);SL.UEM.TOTL.NE.ZS;;;;;;;;;;;;;;;;;;;;;;;;;;;14,2;;;;;11,1;;;;;9,1;;;;;;12,8;;10,3;11,81000042;11,52000046;10,77000046;10,63000011;12,10999966;13,68000031;12,48999977;12,27000046;10,60000038;10,68000031;11,17000008;12,61999989;12,23;12,19;10,74;9,68999958
Iraq;IRQ;Unemployment, total (% of total labor force) (national estimate);SL.UEM.TOTL.NE.ZS;;;;;;;;;;;;;;;;;;;;;;;;;;;;;;;;;;;;;;;;;;;;;;;;8,65;;;;;7,96;;10,59;;10,82;13,02;;;
Iceland;ISL;Unemployment, total (% of total labor force) (national estimate);SL.UEM.TOTL.NE.ZS;;;;;;;;;;;;;;;;;;;;;;;;;;;;;;;;2,55;4,31;5,26;5,33;5,2;3,6;3,72;3,07;2,18;1,94;1,87;2,99;4;4,03;2,55;2,83;2,25;2,95;7,22;7,56;7,03;6;5,38;4,9;3,98;2,98;2,74;2,7;3,51;5,48
Israel;ISR;Unemployment, total (% of total labor force) (national estimate);SL.UEM.TOTL.NE.ZS;;;;;;;;;;4,47;3,82;3,46;2,7;2,64;3,05;;3,47;;3,42;2,78;4,59;4,92;4,81;4,32;5,69;6,33;;;;;12,24;13,39;14,08;12,74;9,93;8,78;8,46;9,75;10,75;11,18;11,1;11,81;12,89;13,51;13,03;11,34;10,71;9,38;7,7;9,53;8,48;7,14;6,86;6,21;5,89;5,25;4,8;4,22;4;3,8;4,329999924
Italy;ITA;Unemployment, total (% of total labor force) (national estimate);SL.UEM.TOTL.NE.ZS;;;;;;;;;;;5,44;5,44;6,39;6,37;5,38;5,82;6,64;7,12;7,24;7,64;7,53;;9,03;8,57;9,41;9,41;10,55;10,72;10,97;10,99;9,79;10,1;9,33;10,24;11,09;11,67;11,87;12;12,12;11,69;10,84;9,6;9,21;8,87;7,87;7,73;6,78;6,08;6,72;7,75;8,36;8,36;10,65;12,15;12,68;11,9;11,69;11,21;10,61;9,95;9,16
Jamaica;JAM;Unemployment, total (% of total labor force) (national estimate);SL.UEM.TOTL.NE.ZS;;;;;;;;;;17,58;;;23,18;22,11;20,5;19,65;21,81;;23,72;;35,51;25;26,7;;;33,39;;;23,03;;15,72;15,74;15,75;16,32;15,34;16,23;16,01;16,35;15,5;15,74;15,54;14,93;14,19;11,73;12,21;11,26;10,32;9,75;6,670000076;7,309999943;7,630000114;8,029999733;8,68999958;9,699999809;9,050000191;13,51;8,630000114;7,400000095;5,46999979;4,989999771;6,5
Jordan;JOR;Unemployment, total (% of total labor force) (national estimate);SL.UEM.TOTL.NE.ZS;;;;;;;;;;;;;;;;;;;;;;;;6,6;;;13,3;14,8;;;;;;19,7;;14,6;13,7;;;;13,7;14,7;15,3;14,5;;14,8;14;13,1;12,7;12,9;12,5;12,9;12,2;12,6;11,9;13,08;15,28;18,14;18,27;16,81;
Japan;JPN;Unemployment, total (% of total labor force) (national estimate);SL.UEM.TOTL.NE.ZS;1,7;1,4;1,3;1,3;1,1;1,2;1,3;1,3;1,2;1,1;1,1;1,2;1,4;1,3;1,4;1,9;2;2;2,2;2,1;2;2,2;2,4;2,6;2,7;2,6;2,8;2,8;2,5;2,3;2,1;2,1;2,2;2,5;2,9;3,2;3,4;3,4;4,1;4,7;4,75;5,019999981;5,389999866;5,25;4,730000019;4,449999809;4,190000057;3,890000105;4;5,070000172;5,1;4,550000191;4,360000134;4,039999962;3,589999914;3,390000105;3,130000114;2,819999933;2,4;2,4;2,8
Kazakhstan;KAZ;Unemployment, total (% of total labor force) (national estimate);SL.UEM.TOTL.NE.ZS;;;;;;;;;;;;;;;;;;;;;;;;;;;;;;;;0,05;0,4;1,11;7,54;10,98;12,96;13,01;13,13;13,46;12,75;10,43;9,33;8,78;8,4;8,13;7,79;7,26;6,63;6,55;5,77;5,39;5,29;5,2;5,06;4,93;4,96;4,9;4,85;4,8;4,89
Kenya;KEN;Unemployment, total (% of total labor force) (national estimate);SL.UEM.TOTL.NE.ZS;;;;;;;;;;;;;;;;;;;;;;;;;;;;;;;;;;;;;;;;10;;;;;;;9,96;;;9,6;;;;;;;2,76;;;5,01;
Kyrgyz Republic;KGZ;Unemployment, total (% of total labor force) (national estimate);SL.UEM.TOTL.NE.ZS;;;;;;;;;;;;;;;;;;;;;;;;;;;;;;;;;;;;;;;;;7,54;7,84;12,55;9,92;8,53;8,11;8,27;8,1;8,22;8,41;8,64;8,53;8,43;8,33;8,05;7,56;7,21;6,89;4,54;;
Cambodia;KHM;Unemployment, total (% of total labor force) (national estimate);SL.UEM.TOTL.NE.ZS;;;;;;;;;;;;;;;;;;;;;;;;;;;;;;;;;;;;;0,84;;;;2,76;2,06;;;7,53;;;1,26;0,82;0,58;0,77;0,58;1,28;0,44;0,69;0,39;0,72;0,14;;1,220000029;
Kiribati;KIR;Unemployment, total (% of total labor force) (national estimate);SL.UEM.TOTL.NE.ZS;;;;;;;;;;;;;;;;;;;;;;;;;;;;;;;;;;;;;;;;;;;;;;14,65;;;;;30,58;;;;;9,33;;;;8,6;
St. Kitts and Nevis;KNA;Unemployment, total (% of total labor force) (national estimate);SL.UEM.TOTL.NE.ZS;;;;;;;;;;;;;;;;;;;;;9,83;;;;;;;;;;;5,14;;;;;;;;;;5,12;;;;;;;;;;;;;;;;;;;
Korea, Rep.;KOR;Unemployment, total (% of total labor force) (national estimate);SL.UEM.TOTL.NE.ZS;;;;;;;;;;4,86;4,51;4,57;4,59;4,04;4,15;4,18;3,81;3,81;3,17;3,81;5,2;4,51;4,36;4,07;3,8;3,98;3,81;3,09;2,52;2,57;2,45;2,41;2,51;2,88;2,48;2,06;2,05;2,61;6,96;6,34;4,06;3,7;3,05;3,35;3,42;3,48;3,25;3,01;2,96;3,36;3,32;2,99;2,81;2,75;3,08;3,55;3,65;3,65;3,82;3,75;3,93
Kuwait;KWT;Unemployment, total (% of total labor force) (national estimate);SL.UEM.TOTL.NE.ZS;;;;;;;;;;;;;;;;;;;;;;;;1,02;;;;;1,91;;;;;0,8;0,7;;0,7;0,7;0,7;0,7;0,8;0,8;1,1;1,3;1,7;1,95;1,3;1,5;1,75;1,64;1,82;;;;2,9;2,2;2,16;;;;
Latin America & Caribbean (excluding high income);LAC;Unemployment, total (% of total labor force) (national estimate);SL.UEM.TOTL.NE.ZS;;;;;;;;;;;;;;;;;;;;;;;;;;;;;;;;;6,334634457;6,461111531;;8,041344525;8,34250267;8,139588111;8,798227018;9,454779521;;8,700784263;8,792142268;8,416049502;7,852716574;7,703075673;6,979670104;6,823719544;6,213621439;7,275078439;;6,230199368;6,311526391;6,090697601;5,885679559;6,423673677;7,707639801;8,047425924;7,919070101;8,106152698;10,48186869
Lao PDR;LAO;Unemployment, total (% of total labor force) (national estimate);SL.UEM.TOTL.NE.ZS;;;;;;;;;;;;;;;;;;;;;;;;;;;;;;;;;;;;2,6;;;;;;;;;;1,35;;;;;0,71;;;;;;;9,41;;;
Lebanon;LBN;Unemployment, total (% of total labor force) (national estimate);SL.UEM.TOTL.NE.ZS;;;;;;;;;;;;;;;;;;;;;;;;;;;;;;;;;;;;;;8,62;;;;;;;7,85;;;8,98;;6,35;;;;;;;;;;11,35;
Liberia;LBR;Unemployment, total (% of total labor force) (national estimate);SL.UEM.TOTL.NE.ZS;;;;;;;;;;;;;;;;;;;;;;;;;;;;;;;;;;;;;;;;;;;;;;;;;;;2,27;;;;2,08;;3,08;;;;
Libya;LBY;Unemployment, total (% of total labor force) (national estimate);SL.UEM.TOTL.NE.ZS;;;;;;;;;;;;;;;;;;;;;;;;;;;;;;;;;;;;;;;;;;;;;;;;;;;;;19,03;;;;;;;;
St. Lucia;LCA;Unemployment, total (% of total labor force) (national estimate);SL.UEM.TOTL.NE.ZS;;;;;;;;;;;;;;;;;;;;;;;;;;;;;;;;;;16,8;17;15,83;16,33;20,47;21,6;18,09;16,49;;20,39;22,18;20,97;18,7;16;14;12,72;15,37;;18,86;19,06;22,21;;;;18,86;19,08;15,32;
Latin America & Caribbean;LCN;Unemployment, total (% of total labor force) (national estimate);SL.UEM.TOTL.NE.ZS;;;;;;;;;;;;;;;;;;;;;;;;;;;;;;;;;6,434038533;6,554124892;;8,141216345;8,573972567;8,202223896;8,806180955;9,542502874;;8,824271847;9,277727152;8,935360134;7,974427493;7,944977855;7,162104606;6,929202484;6,346333155;7,384685615;;6,342187623;6,372089729;6,136715281;5,951127822;6,455167435;7,57086961;7,893978051;7,905870321;8,084810079;10,50574596
Least developed countries: UN classification;LDC;Unemployment, total (% of total labor force) (national estimate);SL.UEM.TOTL.NE.ZS;;;;;;;;;;;;;;;;;;;;;;;;;;;;;;;;;;;;;;;;;;;;;;;;;;;;;;;;;;;;;
Low income;LIC;Unemployment, total (% of total labor force) (national estimate);SL.UEM.TOTL.NE.ZS;;;;;;;;;;;;;;;;;;;;;;;;;;;;;;;;;;;;;;;;;;;;;;;;;;;;;;;;;;;;;
Liechtenstein;LIE;Unemployment, total (% of total labor force) (national estimate);SL.UEM.TOTL.NE.ZS;;;;;;;;;;;;;;;;;;;;;;;;;;;;;;;0,15;0,52;0,76;1,36;1,02;0,9;1,6;1,34;1,78;1,78;1,27;1,12;1,45;2,11;2,4;2,66;2,46;2,01;;;;;;;;;;;;;
Sri Lanka;LKA;Unemployment, total (% of total labor force) (national estimate);SL.UEM.TOTL.NE.ZS;;;;;;;;;;;;;;;;;;;;;;;;;;;;;;;15,9;14,66;14,22;13,82;13,03;12,27;11,35;10,6;9,17;8,88;7,74;7,9;8,76;8,22;8,38;7,67;6,5;5,97;5,22;5,85;4,78;4,12;3,88;4,24;4,19;4,52;4,24;4,05;4,32;;
Lower middle income;LMC;Unemployment, total (% of total labor force) (national estimate);SL.UEM.TOTL.NE.ZS;;;;;;;;;;;;;;;;;;;;;;;;;;;;;;;;;;;3,779350285;;;;;;4,874475058;;;;;4,71517341;;;;;3,81021662;;4,018867958;;;;;;5,146665477;5,321335204;
Low & middle income;LMY;Unemployment, total (% of total labor force) (national estimate);SL.UEM.TOTL.NE.ZS;;;;;;;;;;;;;;;;;;;;;;;;;;;;;;;;;;;3,839107839;;;;;;4,955272068;;;;;5,157693726;;;;;4,60462975;;4,643821103;;;;;;5,288889903;5,920532362;
Lesotho;LSO;Unemployment, total (% of total labor force) (national estimate);SL.UEM.TOTL.NE.ZS;;;;;;;;;;;;;;;;;;;;;;;;;;;10;;;;;;;;;;;37,94;;27,27;;;;;;;;;35,46;;;;;24,58;;;;;;22,44;
Late-demographic dividend;LTE;Unemployment, total (% of total labor force) (national estimate);SL.UEM.TOTL.NE.ZS;;;;;;;;;;;;;;;;;;;;;;;;;;;;;;;2,995655564;2,866191391;3,542125619;3,743002266;3,91488963;4,430750059;4,465548474;4,743468154;5,008470011;5,280523429;4,713952485;5,247352939;5,409768751;5,618916055;5,43431583;5,488737618;5,223480028;4,81966637;4,967296311;5,257340949;4,700834685;4,809191746;4,751110917;4,678983434;4,588721584;;;4,887770057;4,704177187;5,594318328;
Lithuania;LTU;Unemployment, total (% of total labor force) (national estimate);SL.UEM.TOTL.NE.ZS;;;;;;;;;;;;;;;;;;;;;;;;;;;;;;;;;;;17,33;17,54;16,4;14,13;13,71;13,39;15,93;16,84;13,01;12,87;10,68;8,32;5,78;4,25;5,83;13,79;17,81;15,39;13,36;11,77;10,7;9,12;7,86;7,07;6,15;6,26;8,49
Luxembourg;LUX;Unemployment, total (% of total labor force) (national estimate);SL.UEM.TOTL.NE.ZS;;;;;;;;;;;;;;;;;;;;;;;;3,2;2,63;2,96;2,64;2,47;2;1,59;1,61;1,48;2,03;2,33;3,48;2,92;3,29;2,53;2,76;2,39;2,35;1,81;2,62;3,68;5,11;4,49;4,73;4,07;5,06;5,12;4,36;4,9;5,14;5,85;5,85;6,67;6,29;5,52;5,59;5,59;6,77
Latvia;LVA;Unemployment, total (% of total labor force) (national estimate);SL.UEM.TOTL.NE.ZS;;;;;;;;;;;;;;;;;;;;;;;;;;;;;;;;;;;;;20,93000031;14,89999962;14,46;13,79;14,21;13,82;13,83;12,06;11,71;10,03;7,03;6,05;7,74;17,51;19,48;16,21;15,05;11,87;10,85;9,87;9,64;8,72;7,41;6,31;8,1
Macao SAR, China;MAC;Unemployment, total (% of total labor force) (national estimate);SL.UEM.TOTL.NE.ZS;;;;;;;;;;;;;;;;;;;;;;;;;;;;;;;;3,01;2,2;2,06;2,48;3,58;4,25;3,26;4,61;6,35;6,87;6,39;6,27;6;4,9;4,16;3,82;3,27;3;3,58;2,84;2,56;1,97;1,82;1,7;1,81;1,94;1,99;1,83;1,75;2,57
St. Martin (French part);MAF;Unemployment, total (% of total labor force) (national estimate);SL.UEM.TOTL.NE.ZS;;;;;;;;;;;;;;;;;;;;;;;;;;;;;;;;;;;;;;;;;;;;;;;;;;;;;;;;;;;;;
Morocco;MAR;Unemployment, total (% of total labor force) (national estimate);SL.UEM.TOTL.NE.ZS;;;;;;;;;;;;;;;;;;;;;;;;;;;;14,7;13,9;16,3;15,8;16,98;15,68;15,69;;22,86;17,76;16,67;19,12;13,94;13,58;12,46;11,59;11,92;10,83;11,01;9,67;9,56;9,57;8,96;9,09;8,91;8,99;9,23;9,7;9,46;9,3;;;;
Monaco;MCO;Unemployment, total (% of total labor force) (national estimate);SL.UEM.TOTL.NE.ZS;;;;;;;;;;;;;;;;;;;;;;;;;;;;;;;;;;;;;;;;;3,6;;;;;;;;;;;;;;;;6,33;;;;
Moldova;MDA;Unemployment, total (% of total labor force) (national estimate);SL.UEM.TOTL.NE.ZS;;;;;;;;;;;;;;;;;;;;;;;;;;;;;;;;;;;;;;;;11,14;8,46;7,29;6,8;7,95;8,17;7,29;7,38;5,07;3,98;6,4;7,45;6,68;5,58;5,1;3,73;4,7;4,02;4,1;4,11;5,1;3,82
Madagascar;MDG;Unemployment, total (% of total labor force) (national estimate);SL.UEM.TOTL.NE.ZS;;;;;;;;;;;;;;;;;;;;;;;;;;;;;;;;;;;;;;;;;5,8;5,35;;5,01;;2,62;;;;;4,28;;0,6;;;1,79;;;;;
Maldives;MDV;Unemployment, total (% of total labor force) (national estimate);SL.UEM.TOTL.NE.ZS;;;;;;;;;;;;;;;;;;;;;;;;;;;;;;;;;;;;0,79;;;;;1,97;;;;;;;;;11,7;;;;;3,85;;6,12;;;5,34;
Middle East & North Africa;MEA;Unemployment, total (% of total labor force) (national estimate);SL.UEM.TOTL.NE.ZS;;;;;;;;;;;;;;;;;;;;;;;;;;;;;;;;12,47170267;;;;;;;;;;;12,79880268;;11,2402161;11,38447516;10,61572033;9,893865159;9,571345389;9,780537628;10,18306091;10,70240799;10,82020535;10,48636666;10,38810631;10,52462738;10,03671578;10,89209611;;;
Mexico;MEX;Unemployment, total (% of total labor force) (national estimate);SL.UEM.TOTL.NE.ZS;;;;;;;;;;;;;;;;;;;;;;;;;;;;;1,76;;;3,15;3,24;3,37;4,44;7,1;5,47;4,24;3,73;2,6;2,65;2,63;3;3,46;3,94;3,56;3,57;3,63;3,87;5,36;5,3;5,17;4,89;4,91;4,81;4,31;3,86;3,42;3,28;3,48;4,45
Marshall Islands;MHL;Unemployment, total (% of total labor force) (national estimate);SL.UEM.TOTL.NE.ZS;;;;;;;;;;;;;;;;;;;;;9,73;;;;;;;;12,47;;;;;;;;;;;;;;;;;25,37;;;;;;4,74;;;;;;;;6,43;
Middle income;MIC;Unemployment, total (% of total labor force) (national estimate);SL.UEM.TOTL.NE.ZS;;;;;;;;;;;;;;;;;;;;;;;;;;;;;;;;;;;3,834385217;;;;;;4,951773436;;;;;5,248527871;;;;5,614988287;4,554831966;5,118715178;4,691028582;4,994738467;5,034043202;;;5,598525478;5,287404688;5,896057973;
North Macedonia;MKD;Unemployment, total (% of total labor force) (national estimate);SL.UEM.TOTL.NE.ZS;;;;;;;;;;;;;;;;;;;;;;;22;20,9;21,1;21,6;21,7;21,5;21,4;22,6;23,6;24,5;26,3;27,7;30;35,6;38,8;36;34,5;32,4;32,2;30,52;31,94;36,69;37,16;37,25;36,03;34,93;33,76;32,18;32,02;31,38;31,02;29;28,03;26,07;23,72;22,38;20,74;17,26;17,2
Mali;MLI;Unemployment, total (% of total labor force) (national estimate);SL.UEM.TOTL.NE.ZS;;;;;;;;;;;;;;;;;;;;;;;;;;;;;;;;;;;;;;3,3;;;;;;;8,75;;;11,71;;;8,07;6,9;;6,35;6,38;7,73;1,37;7,41;1,62;;
Malta;MLT;Unemployment, total (% of total labor force) (national estimate);SL.UEM.TOTL.NE.ZS;;;;;;;;;;;;;;;;;;;;;;;;8,5;;8,1;6,8;4,4;4;3,7;3,9;3,6;4;4,5;4,1;3,7;4,4;5;5,1;5,3;6,32;7,11;6,9;7,49;7,32;6,92;6,8;6,47;5,98;6,89;6,85;6,38;6,2;6,11;5,72;5,38;4,69;4;3,66;3,62;4,26
Myanmar;MMR;Unemployment, total (% of total labor force) (national estimate);SL.UEM.TOTL.NE.ZS;;;;;;;;;;;;;;;;;;;;;;;;;;;;;;;6;;;;;;;;;;;;;;;;;;;;;;;;;0,77;;1,56;0,87;0,5;
Middle East & North Africa (excluding high income);MNA;Unemployment, total (% of total labor force) (national estimate);SL.UEM.TOTL.NE.ZS;;;;;;;;;;;;;;;;;;;;;;;;;;;;;;;;12,45895386;;;;;;;;;;;13,70079926;;11,91352867;12,38387843;11,25282191;10,51322494;10,45347172;10,54317651;11,12036649;11,75364768;11,88586156;11,5913988;11,54932176;11,97791115;11,9946172;12,90310633;;;
Montenegro;MNE;Unemployment, total (% of total labor force) (national estimate);SL.UEM.TOTL.NE.ZS;;;;;;;;;;;;;;;;;;;;;;;;;;;;;;;;;;;;;;;;;;;;;;30,31;;19,4;17,15;19,09;19,65;19,76000023;19,80999947;19,59000015;18,04999924;17,54999924;17,72999954;16,07999992;15,18999958;15,13000011;17,87999916
Mongolia;MNG;Unemployment, total (% of total labor force) (national estimate);SL.UEM.TOTL.NE.ZS;;;;;;;;;;;;;;;;;;;;;;;;;;;;;;;;;;;;5,5;;;;;;;6,2;6,8;;;;7,2;5,56;5,86;6,55;4,77;3,9;4,23;4,8;4,86;7,24;6,36;5,38;10,03;7,01
Northern Mariana Islands;MNP;Unemployment, total (% of total labor force) (national estimate);SL.UEM.TOTL.NE.ZS;;;;;;;;;;;;;;;;;;;;;;;;;11,75;;;;;;;;;;;;;;;;3,83;;;4,57;;8,22;;;;;11,17;;;;;;;;;;
Mozambique;MOZ;Unemployment, total (% of total labor force) (national estimate);SL.UEM.TOTL.NE.ZS;;;;;;;;;;;;;;;;;;;;;;;;;;;;;;;;;;;;;;2,7;;;;;;;;;;;;;;;;;;3,43;;;;;
Mauritania;MRT;Unemployment, total (% of total labor force) (national estimate);SL.UEM.TOTL.NE.ZS;;;;;;;;;;;;;;;;;;14,14;;;;;;;;;;;25,8;;;;;;;;;;;;;;;;;;;;;;;;9,86;;;;;10,34;;;
Mauritius;MUS;Unemployment, total (% of total labor force) (national estimate);SL.UEM.TOTL.NE.ZS;;;;;;;;;;;;;;;;;;;;;;;;;;;;;;;;;;;;9,59;;;;;;9,14;8,2;5,9;8,34;9,52;9,04;8,48;7,17;7,26;7,65;7,45;7,47;7,32;7,47;7,41;6,81;6,75;6,43;6,33;
Malawi;MWI;Unemployment, total (% of total labor force) (national estimate);SL.UEM.TOTL.NE.ZS;;;;;;;;;;;;;;;;;;;;;;;;5,4;;;;;;;;;;;;;;;;;;;;;;0,94;;;;;;1,74;;5,95;;;;4,980000019;;;1,269999981
Malaysia;MYS;Unemployment, total (% of total labor force) (national estimate);SL.UEM.TOTL.NE.ZS;;;;;;;;;;;;;;;;;;;;;;;3,4;3,8;5,84;6,92;8,29;7,33;7,26;5,73;4,5;;3,71;4,11;;3,15;2,52;2,45;3,2;3,43;3;3,53;3,48;3,61;3,54;3,53;3,31;3,23;3,32;3,66;3,39;3,049999952;3,1;3,16;2,88;3,1;3,44;3,41;3,3;3,26;4,539999962
North America;NAC;Unemployment, total (% of total labor force) (national estimate);SL.UEM.TOTL.NE.ZS;;;;;;;;;;;;;;;;;;;;;;;;;;;;;;;5,860173782;7,161714269;7,873996505;7,350895621;6,54692267;6,030329246;5,861229962;5,403670203;4,882357424;4,553109883;4,272213108;4,979645703;5,972489203;6,154587296;5,703679304;5,255129545;4,79720665;4,769584517;5,818084728;9,153156134;9,461070717;8,794088324;7,985607186;7,337223658;6,250799766;5,457870891;5,102114671;4,576424366;4,111269896;3,889491858;8,205397506
Namibia;NAM;Unemployment, total (% of total labor force) (national estimate);SL.UEM.TOTL.NE.ZS;;;;;;;;;;;;;;;;;;;;;;;;;;;;;;;;19,14;;;19,4;;;24,45;;;20,3;;;;22,09;;;;;;22,12000084;;16,77;19,03;18,52;;23,35;;19,88;;
New Caledonia;NCL;Unemployment, total (% of total labor force) (national estimate);SL.UEM.TOTL.NE.ZS;;;;;;;;;;;;;;;;;;;;;;;;;;;;;;;;;;;;;18,64;;;;;;;;16,31;;;;;13,97;;;;;14,59;;;;;;
Niger;NER;Unemployment, total (% of total labor force) (national estimate);SL.UEM.TOTL.NE.ZS;;;;;;;;;;;;;;;;;;;;;;;;;;;;;;;;;;;;;;;;;;1,47;;;;3,1;;;;;;0,32;2,18;;0,52;;;7,77;;;
Nigeria;NGA;Unemployment, total (% of total labor force) (national estimate);SL.UEM.TOTL.NE.ZS;;;;;;;;;;;;;;;;;;;;;;;;;;;3,94;;;;;;;;;;;;;;;;;;;;;;;;;3,77;;3,7;4,56;4,31;7,06;8,39;;8,53;
Nicaragua;NIC;Unemployment, total (% of total labor force) (national estimate);SL.UEM.TOTL.NE.ZS;;;;;;;;;;;;;;;;;;;;;;;;;;3,2;4,7;5,8;6;8,66;;;;;;;;;;;;4,12;;7,6;6,41;5,37;5,31;4,89;6,2;8,16;7,83;;5,21;5,28;4,52;4,7;3,9;3,3;5,2;;
Netherlands;NLD;Unemployment, total (% of total labor force) (national estimate);SL.UEM.TOTL.NE.ZS;;;;;;;;;;;;;;;;6;;5,88;;6,16;;7,92;;11,85;;10,48;;9,9;9,37;8,7;7,67;7,28;5,56;6,29;7,16;7,16;6,42;5,51;4,39;3,62;2,73;2,12;2,55;3,59;4,65;5,87;5;4,15;3,65;4,35;4,99;4,98;5,82;7,24;7,42;6,87;6,01;4,84;3,83;3,38;3,82
Norway;NOR;Unemployment, total (% of total labor force) (national estimate);SL.UEM.TOTL.NE.ZS;;;;;;;;;;;;;1,67;1,55;1,48;2,29;1,76;1,46;1,8;1,99;1,65;2,03;1,7;2,04;2,9;2,32;1,79;2,03;3,02;4,83;5,26;5,41;5,91;5,97;5,35;6,31;5,04;4,69;3,74;3,25;3,46;3,74;4,02;4,22;4,26;4,38;3,4;2,49;2,55;3,1;3,52;3,21;3,12;3,42;3,48;4,3;4,68;4,16;3,8;3,69;4,42
Nepal;NPL;Unemployment, total (% of total labor force) (national estimate);SL.UEM.TOTL.NE.ZS;;;;;;;;;;;;;;;;;;;;;;;;;;;;;;;;;;;;;4,5;;;1,85;;;;;;;;;1,33;;;;;;;3,1;;11,36;;;
Nauru;NRU;Unemployment, total (% of total labor force) (national estimate);SL.UEM.TOTL.NE.ZS;;;;;;;;;;;;;;;;;;;;;;;;;;;;;;;;;;;;;;;;;;;22,76;;;;;;;;;22,96;;13,28;;;;;;;
New Zealand;NZL;Unemployment, total (% of total labor force) (national estimate);SL.UEM.TOTL.NE.ZS;;;;;;;;;;;;;;;;;;;;;;;;;;;4,19;4,21;5,77;7,31;7,98;10,61;10,67;9,8;8,35;6,46;6,29;6,86;7,72;7,02;6,13;5,43;5,28;4,75;4,01;3,81;3,86;3,66;4,17;6,12;6,56;6,49;6,93;5,840000153;5,429999828;5,41;5,150000095;4,739999771;4,33;4,11;4,59
OECD members;OED;Unemployment, total (% of total labor force) (national estimate);SL.UEM.TOTL.NE.ZS;;;;;;;;;;;;;;;;;;;;;;;;;;;;;;;5,939541459;6,546298895;7,266205723;7,701689312;7,813735577;7,575778177;7,548308951;7,247972752;7,210369436;7,170834544;6,769283977;6,618257501;7,12699793;7,249720885;7,14620145;6,798171082;6,255730834;5,770010049;6,09808824;8,241932087;8,412524743;8,02474813;8,005130506;7,916711558;7,39428182;6,836058952;6,425638497;5,897226777;5,457407666;5,392632483;7,253143078
Oman;OMN;Unemployment, total (% of total labor force) (national estimate);SL.UEM.TOTL.NE.ZS;;;;;;;;;;;;;;;;;;;;;;;;;;;;;;;;;;;;;;;;;;;;;;;;;4,14;;;;;;;;3,27;;1,8;;2,940000057
Other small states;OSS;Unemployment, total (% of total labor force) (national estimate);SL.UEM.TOTL.NE.ZS;;;;;;;;;;;;;;;;;;;;;;;;;;;;;;;;;;;;;;;;;;;;;;;;;;;;;;;;;;;;;
Pakistan;PAK;Unemployment, total (% of total labor force) (national estimate);SL.UEM.TOTL.NE.ZS;;;;;;;;;;;;2,09;2,15;2;1,67;1,7;1,9;1,9;4,18;4,12;4,01;3,82;3,82;4,3;4,16;3,97;3,97;3,05;2,16;2,03;1,97;5,85;5,18;4,28;4,26;5,03;4,79;5,81;5,7;5,35;7,16;6,88;7,83;7,49;7,4;7,05;0,58;0,4;0,42;0,54;0,65;0,8;;2,95;1,83;3,57;;;4,08;;
Panama;PAN;Unemployment, total (% of total labor force) (national estimate);SL.UEM.TOTL.NE.ZS;;;;;;;;;;;7,1;7,6;6,79;6,99;5,8;6,41;6,67;8,73;8,06;8,78;;;8,41;9,71;10,08;12,34;10,53;11,84;16,33;16,31;11,6;16,12;14,67;13,26;14;14,01;14,32;13,37;14,02;11,75;13,53;14,71;14,11;13,62;12,44;10,33;9,11;6,78;4,87;6,56;3,71;2,31;2,39;2,3;2,72;3;3,31;3,9;3,89;4,739999771;18,55
Peru;PER;Unemployment, total (% of total labor force) (national estimate);SL.UEM.TOTL.NE.ZS;;;;;;;;;;5,9;4,84;4,57;4,4;4,23;4;4,92;5,2;5,82;6,5;7,12;6,97;6,77;6,98;9,2;10,5;11,79;5,32;3,63;;7,92;8,6;5,8;9,4;9,87;;;7,07;7,69;7,75;7,99;7,8;7,88;4,84;4,15;4,7;4,88;4,18;4,04;4,04;3,98;3,58;3,48;3,24;3,57;3,21;3,27;3,74;3,69;3,49;3,38;7,449999809
Philippines;PHL;Unemployment, total (% of total labor force) (national estimate);SL.UEM.TOTL.NE.ZS;;;;;;;;;;6,7;;5,28;5,36;4,77;3,21;3,83;4,8;4,47;4;3,5;4,75;5,36;5,5;4,89;7,03;6,07;6,43;9,1;8,34;8,42;8,13;10,6;9,87;9,29;9,48;9,53;8,56;8,78;10,25;9,81;11,19;3,7;;3,53;3,55;3,8;4,05;3,43;3,72;3,86;3,61;3,59;3,5;3,5;3,6;3,07;2,7;2,55;2,34;2,24;2,519999981
Palau;PLW;Unemployment, total (% of total labor force) (national estimate);SL.UEM.TOTL.NE.ZS;;;;;;;;;;;;;;;;;;;;;;;;;;;;;;;7,76;;;;;7,03;;;;;3,3;;;;;4,18;;;;;;;;;1,36;;;;;;
Papua New Guinea;PNG;Unemployment, total (% of total labor force) (national estimate);SL.UEM.TOTL.NE.ZS;;;;;;;;;;;;;;;;;;;;;;;;;;;;;;;7,7;;;;;;;;;;2,92;;;;;;;;;;2;2,62;;;;;;;;;
Poland;POL;Unemployment, total (% of total labor force) (national estimate);SL.UEM.TOTL.NE.ZS;;;;;;;;;;;;;;;;;;;;;;;;;;;;;;;;;13,65;14,39;14,83;13,7;12,68;10,96;9,94;12,29;16,31;18,37;19,89;19,37;19,07;17,75;13,84;9,6;7,12;8,17;9,64;9,63;10,09;10,33;8,99;7,5;6,16;4,89;3,85;3,28;3,16
Pre-demographic dividend;PRE;Unemployment, total (% of total labor force) (national estimate);SL.UEM.TOTL.NE.ZS;;;;;;;;;;;;;;;;;;;;;;;;;;;;;;;;;;;;;;;;;;;;;;;;;;;;;;;;;;;;;
Puerto Rico;PRI;Unemployment, total (% of total labor force) (national estimate);SL.UEM.TOTL.NE.ZS;;;;;;;;;;;;11,52;11,83;11,61;13,13;;19,65;19,04;16,73;14,53;17,1;17,83;19,91;22,24;20;20,67;19,53;17,01;15,01;14,6;14,52;16,18;16,93;16,91;14,6;13,93;13,64;13,8;13,46;11,81;10,08;11,4;11,94;11,78;10,31;11,35;11,01;10,93;11,48;15;16,1;15,7;14,5;14,3;13,9;12;11,8;10,8;9,2;8,3;
Korea, Dem. People's Rep.;PRK;Unemployment, total (% of total labor force) (national estimate);SL.UEM.TOTL.NE.ZS;;;;;;;;;;;;;;;;;;;;;;;;;;;;;;;;;;;;;;;;;;;;;;;;;;;;;;;;;;;;;
Portugal;PRT;Unemployment, total (% of total labor force) (national estimate);SL.UEM.TOTL.NE.ZS;;;;;;;;;;;;;;;1,77;4,5;6,4;;7,89;7,94;;;;7,3;;8,18;8,7;7,38;6,01;5,13;4,64;3,92;3,98;5,3;6,71;7,06;7,3;6,57;4,65;4,58;3,81;3,83;4,5;6,13;6,32;7,58;7,65;7,96;7,55;9,43;10,77;12,68;15,53;16,18;13,89;12,44;11,07;8,87;6,99;6,46;6,79
Paraguay;PRY;Unemployment, total (% of total labor force) (national estimate);SL.UEM.TOTL.NE.ZS;;;;;;;;;;;;;;;;;;;;5,69;4,11;;5,61;8,25;7,33;5,13;6,1;5,51;4,72;5,62;5,8;5,1;4,98;5,06;4,41;3,4;8,15;5,36;4,42;5,34;7,61;6,21;9,39;6,81;6,51;4,82;5,28;4,71;4,42;5,46;4,57;4,67;4,09;4,38;5,03;4,56;5,25;4,61;6,22;6,59;7,55
West Bank and Gaza;PSE;Unemployment, total (% of total labor force) (national estimate);SL.UEM.TOTL.NE.ZS;;;;;;;;;;;;;;;;;;;;;;;;;;;;;;;;;;;;;;;;;10,63;21,49;27,46;23;23,21;20,02;19,01;18,28;22,91;20,45;21,42;17,6;19,2;19,89;20,53;23;23,94;25,68;26,26;25,34;25,89
Pacific island small states;PSS;Unemployment, total (% of total labor force) (national estimate);SL.UEM.TOTL.NE.ZS;;;;;;;;;;;;;;;;;;;;;;;;;;;;;;;;;;;;;;;;;;;;;;;;;;5,757158097;;;;;;;;;;;
Post-demographic dividend;PST;Unemployment, total (% of total labor force) (national estimate);SL.UEM.TOTL.NE.ZS;;;;;;;;;;;;;;;;;;;;;;;;;;;;;;;5,734205173;6,545608148;7,115295471;7,631800348;7,638982967;7,181132331;7,315713231;7,174837715;7,221318958;6,956689061;6,381298611;6,223626801;6,624928076;6,715641909;6,518829447;6,218487056;5,86825487;5,458586574;5,801120348;8,010482763;8,307246656;7,94467779;8,002243708;7,913268651;7,387060166;6,819398248;6,403716616;5,835841371;5,291519901;4,981303953;6,896529563
French Polynesia;PYF;Unemployment, total (% of total labor force) (national estimate);SL.UEM.TOTL.NE.ZS;;;;;;;;;;;;;;;;;;;;;;;;;;;;;9,7;;;;;;;;;;;;;;11,71;;;;;11,74;;;;;;;;;;;;;
Qatar;QAT;Unemployment, total (% of total labor force) (national estimate);SL.UEM.TOTL.NE.ZS;;;;;;;;;;;;;;;;;;;;;;;;;;;;;;;;;;;;;;;;;;;;;1,48;;0,87;0,52;0,31;0,31;0,45;0,56;0,48;0,28;0,2;0,17;0,15;0,14;0,11;0,1;0,140000001
Romania;ROU;Unemployment, total (% of total labor force) (national estimate);SL.UEM.TOTL.NE.ZS;;;;;;;;;;;;;;;;;;;;;;;;;;;;;;;;;8,26;;8,17;8,01;6,74;5,51;5,63;6,24;6,97;6,56;8,11;6,95;7,72;7,17;7,27;6,41;5,79;6,86;6,96;7,18;6,79;7,1;6,8;6,81;5,9;4,93;4,19;3,91;5,03
Russian Federation;RUS;Unemployment, total (% of total labor force) (national estimate);SL.UEM.TOTL.NE.ZS;;;;;;;;;;;;;;;;;;;;;;;;;;;;;;;;;5,18;5,88;8,13;9,45;9,67;11,81;13,26;13,04;10,58;8,98;7,88;8,21;7,76;7,12;7,06;6;6,21;8,3;7,37;6,54;5,44;5,46;5,16;5,57;5,56;5,21;4,85;4,5;5,59
Rwanda;RWA;Unemployment, total (% of total labor force) (national estimate);SL.UEM.TOTL.NE.ZS;;;;;;;;;;;;;;;;;;;;;;;;;;;;;;0,8;;0,3;;;;;0,56;;;;;;0,89;;;;;;;;;;;;1,17;;;17,36;15,11;15,3;
South Asia;SAS;Unemployment, total (% of total labor force) (national estimate);SL.UEM.TOTL.NE.ZS;;;;;;;;;;;;;;;;;;;;;;;;;;;;;;;;;;;2,540141433;;;;;;3,238990636;;;;;3,077416855;;;;;2,389110954;;2,693386263;;;;;;5,156110672;5,270042104;4,835334346
Saudi Arabia;SAU;Unemployment, total (% of total labor force) (national estimate);SL.UEM.TOTL.NE.ZS;;;;;;;;;;;;;;;;;;;;;;;;;;;;;;;;;7,2;;;;;;;4,35;4,57;4,62;5,27;5,56;5,82;6,05;6,25;5,73;5,08;5,38;5,55;5,77;5,52;5,57;5,72;5,59;5,65;5,89;6,04;;7,449999809
Sudan;SDN;Unemployment, total (% of total labor force) (national estimate);SL.UEM.TOTL.NE.ZS;;;;;;;;;;;;;;;;;;;19,4;;;;;13,2;;12,1;13,11;;;;;;;;;;;;;;;;;;;;;;14,8;13;;17,44;;;;;;;;;
Senegal;SEN;Unemployment, total (% of total labor force) (national estimate);SL.UEM.TOTL.NE.ZS;;;;;;;;;;;;;;;;;;;;;;;;;;;;;;;;;;;;;;;;;;;5,65;;;;10,03;;;;;10,36;;;;6,76;4,460000038;3,690000057;3,569999933;2,859999895;
Singapore;SGP;Unemployment, total (% of total labor force) (national estimate);SL.UEM.TOTL.NE.ZS;;;;;;;;;;;6,06;4,8;4,7;4,51;3,97;4,55;4,48;3,93;2,26;2,12;1,8;1,65;1,5;1,69;2,69;4,27;6,84;5;3,55;2,35;;2,18;3,09;3,07;3,03;3,3;3,57;2,5;3,41;4,85;3,7;3,76;5,65;5,93;5,84;5,59;4,48;3,9;3,96;5,86;4,12;3,89;3,72;3,86;3,74;3,79;4,08;4,2;;3,1;4,099999905
Solomon Islands;SLB;Unemployment, total (% of total labor force) (national estimate);SL.UEM.TOTL.NE.ZS;;;;;;;;;;;;;;;;;;;;;;;;;;;;;;;;;;;;;;;;;;;;;;;;;;2,02;;;;0,69;;;;;;;
Sierra Leone;SLE;Unemployment, total (% of total labor force) (national estimate);SL.UEM.TOTL.NE.ZS;;;;;;;;;;;;;;;;;;;;;;;;;;;;;;;;;;;;;;;;;;;;;3,42;;;;;;;;;;4,68;;;;3,190000057;;
El Salvador;SLV;Unemployment, total (% of total labor force) (national estimate);SL.UEM.TOTL.NE.ZS;;;;;;;;;;;;;;;;;;;3,73;6,79;13,34;;;;;16,95;8,63;;9,37;8,35;9,96;7,53;7,88;9,94;7,68;7,65;7,68;7,98;7,1;6,68;6,96;6,96;5,73;6,26;6,05;7,22;6,57;6,41;5,88;7,33;4,89;4,3;3,84;3,69;4,15;4;4,42;4,39;4,01;4,17;0,059999999
San Marino;SMR;Unemployment, total (% of total labor force) (national estimate);SL.UEM.TOTL.NE.ZS;;;;;;;;;;;;;;;;;;;;4,8;5,8;;;;7,2;6,9;6,9;6,2;6;5,3;5,5;4,3;4,2;5,1;3,9;3,9;5,1;4,4;4,1;3;2,8;;;;;2,11;1,63;;;4,02;4,37;5,06;5,19;6,08;6,61;7,38;6,45;;;5,8;
Somalia;SOM;Unemployment, total (% of total labor force) (national estimate);SL.UEM.TOTL.NE.ZS;;;;;;;;;;;;;;;;;;;;;;;;;;;;;;;;;;;;;;;;;;;;;;;;;;;;;;;;;;;;;
Serbia;SRB;Unemployment, total (% of total labor force) (national estimate);SL.UEM.TOTL.NE.ZS;;;;;;;;;;;;;;;;;;;;;;;;;;;;;;;;;;;;13,4;13,2;13,8;13,7;13,7;12,6;12,8;13,8;15,2;18,5;20,85;20,85;18,06;13,7;16,14;19,22;22,97;24;22,15;19,22;17,66;15,26;13,48;12,73;10,39;9,01
Sub-Saharan Africa (excluding high income);SSA;Unemployment, total (% of total labor force) (national estimate);SL.UEM.TOTL.NE.ZS;;;;;;;;;;;;;;;;;;;;;;;;;;;;;;;;;;;;;;;;;;;;;;;;;;;;;;;;;;;;;
South Sudan;SSD;Unemployment, total (% of total labor force) (national estimate);SL.UEM.TOTL.NE.ZS;;;;;;;;;;;;;;;;;;;;;;;;;;;;;;;;;;;;;;;;;;;;;;;;;12,15;;;;;;;;;;;;
Sub-Saharan Africa;SSF;Unemployment, total (% of total labor force) (national estimate);SL.UEM.TOTL.NE.ZS;;;;;;;;;;;;;;;;;;;;;;;;;;;;;;;;;;;;;;;;;;;;;;;;;;;;;;;;;;;;;
Small states;SST;Unemployment, total (% of total labor force) (national estimate);SL.UEM.TOTL.NE.ZS;;;;;;;;;;;;;;;;;;;;;;;;;;;;;;;;;;;;;;;;;;;;;;;;;;;;;;;;;;;;;
Sao Tome and Principe;STP;Unemployment, total (% of total labor force) (national estimate);SL.UEM.TOTL.NE.ZS;;;;;;;;;;;;;;;;;;;;0,61;0,57;0,7;0,56;0,48;0,34;;;;;;;;;;;;;;;;14,4;15,73;17,63;16,36;16,12;16,47;16,65;;;;;;13,59;;;;;;;;
Suriname;SUR;Unemployment, total (% of total labor force) (national estimate);SL.UEM.TOTL.NE.ZS;;;;;;;;;;;;;;;;;;;;;;;;;;;16,37;19,53;;15,51;15,65;;17,28;15,64;12,7;8,39;10,88;10,56;10,63;13,6;;;;;9,49;;;;;8,72;7,15;7,54;8,1;6,6;6,94;7,22;7,92;;;;
Slovak Republic;SVK;Unemployment, total (% of total labor force) (national estimate);SL.UEM.TOTL.NE.ZS;;;;;;;;;;;;;;;;;;;;;;;;;;;;;;;;;;12,2;13,65;13,11;11,34;11,89;12,19;15,95;19,06;19,38;18,72;17,12;18,6;16,26;13,37;11,14;9,51;12,03;14,38;13,62;13,96;14,22;13,18;11,48;9,67;8,13;6,54;5,75;6,69
Slovenia;SVN;Unemployment, total (% of total labor force) (national estimate);SL.UEM.TOTL.NE.ZS;;;;;;;;;;;;;;;;;;;;;;;;;;;;;;;;7,08;;8,51;8,24;7,15;6,91;6,65;7,39;7,32;6,92;5,68;5,92;6,48;6,01;6,51;5,95;4,82;4,37;5,86;7,24;8,17;8,84;10,1;9,67;8,96;8;6,56;5,11;4,45;4,97
Sweden;SWE;Unemployment, total (% of total labor force) (national estimate);SL.UEM.TOTL.NE.ZS;;;;;;;;;;1,89;1,51;2,55;2,7;2,46;1,98;1,62;1,61;;;;;;3,14;3,48;3,07;2,83;2,23;2,15;;1,46;1,83;3,24;5,72;9,33;9,58;8,9;9,55;10,36;8,94;7,61;5,47;4,73;4,97;5,55;6,69;7,49;7,07;6,16;6,23;8,35;8,61;7,8;7,98;8,05;7,95;7,43;6,99;6,72;6,36;6,83;8,29
Eswatini;SWZ;Unemployment, total (% of total labor force) (national estimate);SL.UEM.TOTL.NE.ZS;;;;;;;;;;;;;;;;;;;;;;;;;;;;;;;;;;;;21,65;;22,5;;;;;;;;;;28,24;;;;;;;;;22,72;;;;
Sint Maarten (Dutch part);SXM;Unemployment, total (% of total labor force) (national estimate);SL.UEM.TOTL.NE.ZS;;;;;;;;;;;;;;;;;;;;;;;;;;;;;;;;;;;;;;;;;;;;;;;;;;;;;;;;;;;;;
Seychelles;SYC;Unemployment, total (% of total labor force) (national estimate);SL.UEM.TOTL.NE.ZS;;;;;;;;;;;;;;;;;;;;;;;;;;;;;;;;;;;10,35;;;;;;;;9,81;;;5,5;;;;;;4,11;;;3,84;4,15;3,96;3,71;3,53;2,97;4,309999943
Syrian Arab Republic;SYR;Unemployment, total (% of total labor force) (national estimate);SL.UEM.TOTL.NE.ZS;;;;;;;;;;4,3;6,4;7,5;4,7;4,5;5,1;4,81;6,2;5;4,5;3,8;;;;4,24;4,7;;;;;5,78;;6,75;;7,4;7,5;7,2;;;;7,6;;11,63;11,68;10,28;;;8,17;8,42;10,94;8,14;8,61;;;;;;;;;;
Turks and Caicos Islands;TCA;Unemployment, total (% of total labor force) (national estimate);SL.UEM.TOTL.NE.ZS;;;;;;;;;;;;;;;;;;;;;;;;;;;;;;;;;;;;;;;;;;9,71;6,18;7,77;9,86;8,04;7,45;5,43;8,3;;;;;;;;;;;;
Chad;TCD;Unemployment, total (% of total labor force) (national estimate);SL.UEM.TOTL.NE.ZS;;;;;;;;;;;;;;;;;;;;;;;;;;;;;;;;;;0,7;;;;;;;;;;;;;;;;;;;;;;;;;1,13;;
East Asia & Pacific (IDA & IBRD countries);TEA;Unemployment, total (% of total labor force) (national estimate);SL.UEM.TOTL.NE.ZS;;;;;;;;;;;;;;;;;;;;;;;;;;;;;;;2,768514961;2,595167535;2,549171058;2,795198307;3,114060228;3,058737854;3,218278961;3,330374427;3,536483678;3,608734814;3,593811262;3,773407694;4,099688068;4,31580342;4,316523769;4,457080067;4,34968504;4,18972202;4,371743077;4,219003231;3,928345932;3,871036919;3,799777823;3,745884841;3,759936482;;;3,558027969;3,499453037;4,377647338;
Europe & Central Asia (IDA & IBRD countries);TEC;Unemployment, total (% of total labor force) (national estimate);SL.UEM.TOTL.NE.ZS;;;;;;;;;;;;;;;;;;;;;;;;;;;;;;;;;6,522745801;6,978294644;8,363316896;8,482018369;9,045971859;9,89124244;10,78661611;11,58944411;10,14782029;9,776614458;9,678446653;9,457089791;9,19358695;8,593591172;7,990450315;7,293305867;7,17474759;8,940659472;8,60773516;7,912388776;7,425007999;7,485276318;7,550625755;7,5397603;7,475673458;7,11793717;6,925210472;7,024465995;7,413141231
Togo;TGO;Unemployment, total (% of total labor force) (national estimate);SL.UEM.TOTL.NE.ZS;;;;;;;;;;;;;;;;;;;;;;;;;;;;;;;;;;;;;;;;;;;;;;;4,23;;;;;1,98;;;;2,2;;3,74;;;
Thailand;THA;Unemployment, total (% of total labor force) (national estimate);SL.UEM.TOTL.NE.ZS;;;;;;;;;;;;0,19;0,51;0,43;0,47;0,45;0,6;0,9;0,75;0,92;0,93;1,26;2,66;2,9;2,9;4,93;3,5;5,77;3,04;1,39;2,21;2,63;1,35;1,49;1,35;1,1;1,07;0,87;3,4;2,97;2,39;2,6;1,82;1,54;1,51;1,35;1,22;1,18;1,18;1,49;0,62;0,66;0,58;0,25;0,58;0,6;0,69;0,83;0,77;0,72;1,1
Tajikistan;TJK;Unemployment, total (% of total labor force) (national estimate);SL.UEM.TOTL.NE.ZS;;;;;;;;;;;;;;;;;;;;;;;;;;;;;;;;;0,4;1,2;1,7;2;2,6;2,7;3,2;3;2,7;2,3;2,5;3,849999905;2;2;2,2;2,869999886;;11,5;;;;;;;6,9;;;;
Turkmenistan;TKM;Unemployment, total (% of total labor force) (national estimate);SL.UEM.TOTL.NE.ZS;;;;;;;;;;;;;;;;;;;;;;;;;;;;;;;;;;;;;;;;;;;;;;;;;;4;4;;;;;;;;;;
Latin America & the Caribbean (IDA & IBRD countries);TLA;Unemployment, total (% of total labor force) (national estimate);SL.UEM.TOTL.NE.ZS;;;;;;;;;;;;;;;;;;;;;;;;;;;;;;;6,008441432;;6,332282625;6,451769335;;8,082862368;8,553762257;8,18081788;8,832364908;9,603503907;;8,909718042;9,389734047;9,052092429;8,08708544;8,045089384;7,24382603;7,008968128;6,41297148;7,4529204;;6,351386376;6,383205991;6,14278867;5,968294212;6,505685022;7,654723334;7,989554199;8,010626196;8,083835656;10,50574596
Timor-Leste;TLS;Unemployment, total (% of total labor force) (national estimate);SL.UEM.TOTL.NE.ZS;;;;;;;;;;;;;;;;;;;;;;;;;;;;;;;;;;;;;;;;;;;;;;;;;;;3,3;;;10,99;;;4,66;;;;
Middle East & North Africa (IDA & IBRD countries);TMN;Unemployment, total (% of total labor force) (national estimate);SL.UEM.TOTL.NE.ZS;;;;;;;;;;;;;;;;;;;;;;;;;;;;;;;;12,45895386;;;;;;;;;;;13,58596384;;11,81260925;12,31469177;11,1858541;10,44946439;10,33962375;10,45319176;11,02243888;11,68689986;11,80959724;11,49247665;11,45082418;11,83248373;11,85246931;12,72690377;;;
Tonga;TON;Unemployment, total (% of total labor force) (national estimate);SL.UEM.TOTL.NE.ZS;;;;;;;;;;;;;;;;;;;;;;;;;;;;;;;4,16;;;1,3;;;;;;;;;;5,18;;;1,09;;;;;;;;;;;;3,07;;
South Asia (IDA & IBRD);TSA;Unemployment, total (% of total labor force) (national estimate);SL.UEM.TOTL.NE.ZS;;;;;;;;;;;;;;;;;;;;;;;;;;;;;;;;;;;2,540141433;;;;;;3,238990636;;;;;3,077416855;;;;;2,389110954;;2,693386263;;;;;;5,156110672;5,270042104;4,835334346
Sub-Saharan Africa (IDA & IBRD countries);TSS;Unemployment, total (% of total labor force) (national estimate);SL.UEM.TOTL.NE.ZS;;;;;;;;;;;;;;;;;;;;;;;;;;;;;;;;;;;;;;;;;;;;;;;;;;;;;;;;;;;;;
Trinidad and Tobago;TTO;Unemployment, total (% of total labor force) (national estimate);SL.UEM.TOTL.NE.ZS;;;;;;;;;;13,17;12,76;13,03;;15,4;15,24;14,99;;8,98;7,27;6,75;6,03;6,31;6,22;6,61;8,17;9,31;9,37;22,11;21,88;21,95;19,87;18,52;19,66;19,81;18,44;17,22;16,25;15,01;14,21;13,12;12,1;10,88;10,39;10,48;8,33;7,95;6,27;5,54;4,63;5,28;4,03;3,43;3,72;2,68;2,48;2,43;3,21;;;;
Tunisia;TUN;Unemployment, total (% of total labor force) (national estimate);SL.UEM.TOTL.NE.ZS;;;;;;;;;;;;;;;;;;;;;;;;;;;;;;16,13;;;;;;;;15,94;;15,21;14,94;14,4;14,55;14,51;14,23;12,87;12,51;12,36;12,44;13,29;13,05;18,33;17,63;15,93;;15,16;15,56;15,33;15,46;15,13;
Turkey;TUR;Unemployment, total (% of total labor force) (national estimate);SL.UEM.TOTL.NE.ZS;;;;;;;;;;;;;;;;;;;;;;;10,93;12,06;11,92;11,21;;;8,04;8,26;8,02;8,21;8,51;8,96;8,58;7,64;6,63;6,84;6,89;7,69;6,5;8,38;10,36;10,54;10,84;10,64;8,72;8,87;9,71;12,55;10,66;8,8;8,15;8,73;9,88;10,24;10,84;10,82;10,89;13,67;13,11
Tuvalu;TUV;Unemployment, total (% of total labor force) (national estimate);SL.UEM.TOTL.NE.ZS;;;;;;;;;;;;;;;;;;;;;;;;;;;;;;;;;;;;;;;;;;;6,53;;;;;;;;;;;;;;8,49;;;;
Tanzania;TZA;Unemployment, total (% of total labor force) (national estimate);SL.UEM.TOTL.NE.ZS;;;;;;;;;;;;;;;;;;;;;;;;;;;;;;;;3,6;;;;;;;;;;2,99;3,6;;;;3,3;;;2,5;;3,47;0,289999992;2,93;2,12;;;;;;
Uganda;UGA;Unemployment, total (% of total labor force) (national estimate);SL.UEM.TOTL.NE.ZS;;;;;;;;;;;;;;;;;;;;;;;;;;;;;;;;0,94;0,92;;;;;;;;;;3,5;3,6;;1,9;;;;3,6;;;3,55;1,91;;;;10,09;;;
Ukraine;UKR;Unemployment, total (% of total labor force) (national estimate);SL.UEM.TOTL.NE.ZS;;;;;;;;;;;;;;;;;;;;;;;;;;;;;;;;;;;;5,62;7,65;8,93;11,32;11,86;11,71;11,06;10,14;9,06;8,59;7,18;6,81;6,35;6,36;8,84;8,1;7,85;7,53;7,17;9,27;9,14;9,35;9,5;8,8;8,19;9,479999542
Upper middle income;UMC;Unemployment, total (% of total labor force) (national estimate);SL.UEM.TOTL.NE.ZS;;;;;;;;;;;;;;;;;;;;;;;;;;;;;;;2,960296212;2,884074023;3,383548436;3,630378476;3,867007127;4,432622236;4,562961388;4,736438633;5,306090312;5,541268367;5,0090651;5,548029309;5,796852424;5,929698459;5,710644656;5,626852688;5,407357282;5,184908328;5,170496883;5,700411579;5,195836148;5,185250606;5,157693869;5,073438792;5,115285123;;;5,557379305;5,392547874;6,337098887;
Uruguay;URY;Unemployment, total (% of total labor force) (national estimate);SL.UEM.TOTL.NE.ZS;;;;;;;;;;;7,5;7,6;7,7;8,9;8,1;;;;;;7,3;6,6;11,7;;9,94;;10,7;9,1;;;8,53;8,95;8,96;8,35;9,04;10,02;11,93;11,44;9,36;10,47;12,63;15,05;16,65;16,66;12,98;12,01;10,84;9,4;8,03;7,74;7,16;6,31;6,45;6,44;6,55;7,49;7,84;7,89;8,34;8,88;10,47999954
United States;USA;Unemployment, total (% of total labor force) (national estimate);SL.UEM.TOTL.NE.ZS;5,5;6,7;5,5;5,7;5,2;4,5;3,8;3,8;3,6;3,5;4,9;5,9;5,6;4,9;5,6;8,5;7,7;7,1;6,1;5,8;7,1;7,6;9,7;9,6;7,5;7,2;7;6,2;5,5;5,3;5,6;6,8;7,5;6,9;6,12;5,65;5,45;5;4,51;4,22;3,99;4,73;5,78;5,99;5,53;5,08;4,62;4,62;5,78;9,25;9,63;8,95;8,07;7,37;6,17;5,28;4,87;4,36;3,9;3,67;8,05
Uzbekistan;UZB;Unemployment, total (% of total labor force) (national estimate);SL.UEM.TOTL.NE.ZS;;;;;;;;;;;;;;;;;;;;;;;;;;;;;;;;;0,2;0,4;0,4;0,4;;;;;0,4;0,4;0,4;0,3;0,4;0,3;0,2;4,99;4,89;5;5,4;5;4,9;4,9;5,1;5,2;5,2;5,8;9,3;9;
St. Vincent and the Grenadines;VCT;Unemployment, total (% of total labor force) (national estimate);SL.UEM.TOTL.NE.ZS;;;;;;;;;;;;;;;;;;;;;23,5;;;;;;;;;;;19,77;;;;;;;;;;21,1;;;;;;;18,79;;;;;;;;;;;;
Venezuela, RB;VEN;Unemployment, total (% of total labor force) (national estimate);SL.UEM.TOTL.NE.ZS;;;;;;;;;;;;;;;;7,01;6,34;5,11;4,98;5,81;5,89;7;8,05;11,49;12,86;13,16;10,93;9,1;7,28;9,74;13,96;;;;8,56;10,24;11,77;;;;;8,83;16,17;16,78;;10,66;8,61;7,28;6,25;6,1;7,11;6,9;6,6;;;;5,32;5,05;;;
British Virgin Islands;VGB;Unemployment, total (% of total labor force) (national estimate);SL.UEM.TOTL.NE.ZS;;;;;;;;;;;;;;;;;;;;;;;;;;;;;;;;3,29;;;;;;;;;;;;;;;;;;;;;;;;;;;;;
Virgin Islands (U.S.);VIR;Unemployment, total (% of total labor force) (national estimate);SL.UEM.TOTL.NE.ZS;;;;;;;;;;;;;;;;;;;;;;;;;;;;;;;;;;;;;;;;;;;;;;;;;;;;;;;;;;;;;
Vietnam;VNM;Unemployment, total (% of total labor force) (national estimate);SL.UEM.TOTL.NE.ZS;;;;;;;;;;;;;;;;;;;;;;;;;;;;;;;;;;;;;1,93;2,87;2,29;2,33;2,26;2,76;2,12;2,25;2,14;;;2,03;;1,74;1,11;1;1,03;1,32;1,26;1,85;1,85;1,87;1,16;2,04;2,39
Vanuatu;VUT;Unemployment, total (% of total labor force) (national estimate);SL.UEM.TOTL.NE.ZS;;;;;;;;;;;;;;;;;;;;;;;;;;;;;;;;;;;;;;;;;;;;;;;8,01;;;4,56;1,85;;;;;;;;;7,94;
World;WLD;Unemployment, total (% of total labor force) (national estimate);SL.UEM.TOTL.NE.ZS;;;;;;;;;;;;;;;;;;;;;;;;;;;;;;;;;;;4,837422769;;5,57009358;;;6,145040655;5,307683835;5,995882313;;6,405646352;;5,496091954;5,761646732;5,4797388;;6,248947789;5,388915701;5,846355789;5,349523964;5,617348055;5,582335291;;;5,688446354;5,257946968;5,685969774;
Samoa;WSM;Unemployment, total (% of total labor force) (national estimate);SL.UEM.TOTL.NE.ZS;;;;;;;;;;;;;;;;;;;;;;;;;;;;;;;;2,1;;;;;;;;;;4,96;;;;;1,29;;;;;5,68;8,75;;8,72;;;14,47;;;
Kosovo;XKX;Unemployment, total (% of total labor force) (national estimate);SL.UEM.TOTL.NE.ZS;;;;;;;;;;;;;;;;;;;;;;;;;;;;;;;;;;;;;;;;;;57;55;49,7;39,7;41,4;44,9;46,3;47,5;45,4;;;30,88;;35,15;32,93;27,47;30,34;29,42;26;26,17000008
Yemen, Rep.;YEM;Unemployment, total (% of total labor force) (national estimate);SL.UEM.TOTL.NE.ZS;;;;;;;;;;;;;;;;;;;;;;;;;;;;;;;;;;;8,34;;;;;11,46;;;;;16,23;16,05;15,7;15,33;14,97;14,63;17,82;;;;13,47;;;;;;
South Africa;ZAF;Unemployment, total (% of total labor force) (national estimate);SL.UEM.TOTL.NE.ZS;;;;;;;;;;;;;;;;;;;;;;;;;;;;;;;;;;;;;;;25;25,37;29,88;30,69;33,29;32,31;29,45;29,12;28,34;26,54;22,41;23,52;24,68;24,64;24,73;24,56;24,89;25,15;26,54;27,04;26,91;28,47;29,22
Zambia;ZMB;Unemployment, total (% of total labor force) (national estimate);SL.UEM.TOTL.NE.ZS;;;;;;;;;;;;;;;;;;;;;;;;;;;13;;;;15;18,9;;19,7;;;15,3;;12;;12,93;;;;;15,9;;;7,93;;13,19;;7,85;;;;;11,63;12,01;12,52;
Zimbabwe;ZWE;Unemployment, total (% of total labor force) (national estimate);SL.UEM.TOTL.NE.ZS;;;;;;;;;;;;;;;;;;;;;;;10,8;;;;;7,18;;;;;;;4,96;;;6,93;;6;;;;;4,39;;;;;;;5,37;;;4,77;;;;;16,86;